sym,sector,signal_type,regime,entry_date,entry,stop,target,bars_held,is_short,smart_rank,exit_date,exit,pnl_pct,rr,outcome
ISPH,ENERGY,buy,BEAR,2020-03-29,5.3,5.17,5.81,1,False,23.92,2020-03-30,5.17,-3.03,1.0,LOSS
ISPH,ENERGY,buy,BEAR,2020-03-30,5.35,5.21,5.86,2,False,27.23,2020-04-01,5.21,-3.19,1.0,LOSS
HRHO,SERVICES,buy,BULL,2020-04-08,6.05,5.9,6.62,1,False,41.66,2020-04-09,6.62,8.85,3.8,WIN
HRHO,SERVICES,buy,BULL,2020-04-09,6.26,6.01,6.86,1,False,36.89,2020-04-12,6.01,-4.57,1.0,LOSS
JUFO,SERVICES,early,NEUTRAL,2020-04-13,6.43,6.17,7.05,2,False,25.01,2020-04-15,6.17,-4.62,1.0,LOSS
FWRY,SERVICES,early,BULL,2020-04-07,2.03,1.95,2.22,8,False,21.23,2020-04-21,2.22,8.78,2.38,WIN
HELI,REAL_ESTATE,buy,NEUTRAL,2020-04-15,3.94,3.78,4.31,2,False,29.85,2020-04-21,3.78,-4.64,1.0,LOSS
JUFO,SERVICES,early,NEUTRAL,2020-04-16,6.28,6.02,6.88,1,False,24.27,2020-04-21,6.02,-4.72,1.0,LOSS
JUFO,SERVICES,buy,NEUTRAL,2020-04-21,6.08,5.83,6.66,3,False,22.0,2020-04-26,6.66,8.96,2.32,WIN
ESRS,INDUSTRIAL,buy,NEUTRAL,2020-04-22,5.41,5.19,5.92,2,False,20.72,2020-04-26,5.92,8.85,2.32,WIN
SWDY,ENERGY,early,BULL,2020-04-07,7.46,7.16,8.18,13,False,28.97,2020-04-28,8.18,9.08,2.4,WIN
HELI,REAL_ESTATE,buy,NEUTRAL,2020-04-21,4.03,3.86,4.41,6,False,22.02,2020-04-29,4.41,8.85,2.24,WIN
ABUK,ENERGY,ultra,BULL,2020-04-28,8.75,8.49,9.59,1,False,26.62,2020-04-29,8.49,-3.55,1.0,LOSS
ESRS,INDUSTRIAL,early,NEUTRAL,2020-04-26,6.14,5.89,6.73,5,False,26.78,2020-05-03,5.89,-4.65,1.0,LOSS
ABUK,ENERGY,ultra,NEUTRAL,2020-04-29,8.53,8.27,9.34,2,False,30.89,2020-05-03,8.27,-3.62,1.0,LOSS
SKPC,INDUSTRIAL,early,NEUTRAL,2020-04-29,4.35,4.17,4.76,2,False,28.72,2020-05-03,4.17,-4.71,1.0,LOSS
HRHO,SERVICES,buy,NEUTRAL,2020-04-12,6.03,5.78,6.6,14,False,29.94,2020-05-04,5.78,-4.72,1.0,LOSS
SWDY,ENERGY,early,NEUTRAL,2020-05-03,7.6,7.3,8.33,4,False,24.21,2020-05-07,7.3,-4.52,1.0,LOSS
OCDI,REAL_ESTATE,early,NEUTRAL,2020-05-03,9.5,9.12,10.41,4,False,24.07,2020-05-07,9.12,-4.57,1.0,LOSS
ESRS,INDUSTRIAL,early,NEUTRAL,2020-05-04,6.02,5.78,6.59,4,False,21.16,2020-05-10,5.78,-4.56,1.0,LOSS
ETEL,SERVICES,ultra,NEUTRAL,2020-04-26,7.29,7.07,7.99,12,False,22.3,2020-05-12,7.99,9.03,3.18,WIN
JUFO,SERVICES,buy,NEUTRAL,2020-05-04,6.45,6.19,7.07,6,False,22.43,2020-05-12,7.07,9.04,2.38,WIN
EAST,ENERGY,ultra,NEUTRAL,2020-05-11,7.39,7.17,8.1,2,False,25.0,2020-05-13,7.17,-3.55,1.0,LOSS
JUFO,SERVICES,early,NEUTRAL,2020-05-12,6.85,6.64,7.51,2,False,25.91,2020-05-14,6.64,-3.64,1.0,LOSS
HELI,REAL_ESTATE,early,NEUTRAL,2020-05-13,4.2,4.07,4.6,1,False,23.76,2020-05-14,4.07,-3.67,1.0,LOSS
EAST,ENERGY,buy,NEUTRAL,2020-05-17,7.44,7.22,8.16,1,False,23.55,2020-05-18,7.22,-3.53,1.0,LOSS
ISPH,ENERGY,buy,NEUTRAL,2020-05-11,5.94,5.76,6.5,7,False,21.87,2020-05-20,5.76,-3.61,1.0,LOSS
HELI,REAL_ESTATE,ultra,NEUTRAL,2020-05-18,4.1,3.97,4.49,9,False,28.02,2020-06-07,4.49,8.94,3.0,WIN
ABUK,ENERGY,buy,NEUTRAL,2020-06-02,6.91,6.63,7.57,3,False,20.82,2020-06-07,7.57,8.98,2.36,WIN
JUFO,SERVICES,early,NEUTRAL,2020-05-14,6.6,6.41,7.24,12,False,24.75,2020-06-08,6.41,-3.45,1.0,LOSS
SKPC,INDUSTRIAL,early,NEUTRAL,2020-06-07,3.9,3.74,4.27,4,False,30.15,2020-06-11,3.74,-4.68,1.0,LOSS
TMGH,REAL_ESTATE,early,NEUTRAL,2020-06-08,5.22,5.06,5.72,3,False,28.79,2020-06-11,5.06,-3.64,1.0,LOSS
ADIB,BANKS,ultra,NEUTRAL,2020-06-07,7.22,7.0,7.91,5,False,26.25,2020-06-14,7.0,-3.62,1.0,LOSS
CIEB,BANKS,early,NEUTRAL,2020-06-11,5.24,5.03,5.74,1,False,24.04,2020-06-14,5.03,-4.58,1.0,LOSS
SAUD,BANKS,buy,NEUTRAL,2020-05-19,2.45,2.37,2.68,15,False,25.88,2020-06-16,2.4242753982543945,-1.62,0.32,EXIT
HELI,REAL_ESTATE,early,NEUTRAL,2020-06-14,4.54,4.36,4.98,2,False,21.32,2020-06-16,4.98,9.12,2.44,WIN
ETEL,SERVICES,buy,NEUTRAL,2020-06-01,8.46,8.21,9.27,15,False,23.86,2020-06-22,8.821310997009277,3.7,1.45,EXIT
HRHO,SERVICES,early,NEUTRAL,2020-06-11,6.72,6.52,7.36,8,False,23.02,2020-06-23,7.36,8.95,3.2,WIN
TMGH,REAL_ESTATE,buy,NEUTRAL,2020-06-15,5.09,4.93,5.57,7,False,23.64,2020-06-24,5.57,8.86,3.0,WIN
HRHO,SERVICES,early,NEUTRAL,2020-06-23,7.29,6.99,7.98,2,False,21.53,2020-06-25,7.98,8.89,2.3,WIN
JUFO,SERVICES,buy,NEUTRAL,2020-06-16,6.5,6.31,7.13,11,False,21.03,2020-07-05,7.13,9.12,3.32,WIN
ABUK,ENERGY,early,NEUTRAL,2020-06-17,7.68,7.37,8.41,12,False,24.11,2020-07-07,8.41,8.93,2.35,WIN
ETEL,SERVICES,early,NEUTRAL,2020-06-28,9.28,8.9,10.16,5,False,20.73,2020-07-07,10.16,8.91,2.32,WIN
ESRS,INDUSTRIAL,ultra,NEUTRAL,2020-07-05,5.53,5.36,6.06,2,False,23.19,2020-07-07,5.36,-3.65,1.0,LOSS
SKPC,INDUSTRIAL,ultra,NEUTRAL,2020-07-07,3.7,3.59,4.05,2,False,28.34,2020-07-09,3.59,-3.55,1.0,LOSS
ESRS,INDUSTRIAL,ultra,NEUTRAL,2020-07-07,5.38,5.22,5.9,2,False,25.0,2020-07-09,5.22,-3.55,1.0,LOSS
OCDI,REAL_ESTATE,early,NEUTRAL,2020-07-08,10.5,10.19,11.51,3,False,30.16,2020-07-13,10.19,-3.53,1.0,LOSS
ABUK,ENERGY,early,NEUTRAL,2020-07-12,8.5,8.16,9.31,2,False,25.2,2020-07-14,8.16,-4.57,1.0,LOSS
ISPH,ENERGY,ultra,NEUTRAL,2020-06-23,5.87,5.69,6.43,14,False,25.0,2020-07-15,5.69,-3.64,1.0,LOSS
CIEB,BANKS,early,NEUTRAL,2020-06-24,5.24,5.03,5.74,13,False,27.18,2020-07-15,5.03,-4.58,1.0,LOSS
SKPC,INDUSTRIAL,ultra,NEUTRAL,2020-07-09,3.58,3.47,3.93,4,False,26.91,2020-07-15,3.47,-3.65,1.0,LOSS
OCDI,REAL_ESTATE,early,NEUTRAL,2020-07-13,10.46,10.04,11.45,2,False,22.26,2020-07-15,10.04,-4.59,1.0,LOSS
ADIB,BANKS,early,NEUTRAL,2020-07-14,7.55,7.32,8.27,1,False,22.02,2020-07-15,7.32,-3.62,1.0,LOSS
OCDI,REAL_ESTATE,early,NEUTRAL,2020-07-15,9.95,9.55,10.9,1,False,20.48,2020-07-16,9.55,-4.6,1.0,LOSS
HRHO,SERVICES,early,NEUTRAL,2020-07-26,8.31,7.97,9.1,2,False,24.89,2020-07-28,7.97,-4.67,1.0,LOSS
ORWE,SERVICES,early,NEUTRAL,2020-07-15,3.4,3.26,3.72,13,False,22.66,2020-08-09,3.72,8.84,2.29,WIN
SKPC,INDUSTRIAL,ultra,NEUTRAL,2020-07-26,3.82,3.7,4.18,7,False,29.62,2020-08-09,4.18,8.85,3.0,WIN
TMGH,REAL_ESTATE,ultra,NEUTRAL,2020-08-04,5.56,5.39,6.09,8,False,20.77,2020-08-16,6.09,8.96,3.12,WIN
ESRS,INDUSTRIAL,ultra,NEUTRAL,2020-08-09,5.43,5.27,5.95,5,False,31.13,2020-08-16,5.95,9.0,3.25,WIN
FAIT,BANKS,ultra,NEUTRAL,2020-07-27,6.19,6.0,6.78,15,False,25.74,2020-08-23,6.684638023376465,7.42,2.6,EXIT
SWDY,ENERGY,ultra,NEUTRAL,2020-08-09,6.25,6.06,6.85,9,False,27.2,2020-08-23,6.85,9.02,3.16,WIN
HRHO,SERVICES,early,NEUTRAL,2020-07-28,7.84,7.52,8.59,15,False,32.69,2020-08-24,8.19999885559082,4.02,1.12,EXIT
JUFO,SERVICES,ultra,NEUTRAL,2020-08-26,6.81,6.61,7.47,1,False,21.6,2020-08-27,6.61,-3.51,1.0,LOSS
EAST,ENERGY,early,NEUTRAL,2020-08-25,7.33,7.11,8.03,5,False,27.84,2020-09-01,7.11,-3.58,1.0,LOSS
ETEL,SERVICES,buy,NEUTRAL,2020-08-16,9.48,9.1,10.38,12,False,22.01,2020-09-02,10.38,8.92,2.37,WIN
ETEL,SERVICES,early,NEUTRAL,2020-09-03,10.01,9.61,10.96,3,False,24.88,2020-09-08,9.61,-4.57,1.0,LOSS
ABUK,ENERGY,buy,NEUTRAL,2020-09-06,9.62,9.23,10.53,2,False,21.33,2020-09-08,9.23,-4.63,1.0,LOSS
ETEL,SERVICES,early,NEUTRAL,2020-09-08,9.71,9.32,10.64,2,False,25.56,2020-09-10,9.32,-4.59,1.0,LOSS
COMI,BANKS,early,NEUTRAL,2020-08-23,31.31,30.37,34.3,15,False,27.5,2020-09-13,31.542491912841797,0.17,0.25,EXIT
ABUK,ENERGY,buy,NEUTRAL,2020-09-08,9.51,9.13,10.42,6,False,21.4,2020-09-16,10.42,8.99,2.39,WIN
ESRS,INDUSTRIAL,early,NEUTRAL,2020-09-17,6.52,6.25,7.14,2,False,22.27,2020-09-21,6.25,-4.72,1.0,LOSS
ABUK,ENERGY,early,NEUTRAL,2020-09-17,10.21,9.8,11.19,5,False,24.85,2020-09-24,11.19,9.02,2.39,WIN
ORWE,SERVICES,ultra,NEUTRAL,2020-09-16,3.45,3.34,3.78,8,False,24.45,2020-09-28,3.78,8.99,3.0,WIN
ABUK,ENERGY,early,NEUTRAL,2020-09-24,10.94,10.5,11.98,2,False,26.78,2020-09-28,10.5,-4.6,1.0,LOSS
COMI,BANKS,buy,NEUTRAL,2020-09-13,31.38,30.12,34.38,15,False,21.48,2020-10-04,30.897062301635742,-2.11,0.38,EXIT
CIEB,BANKS,ultra,NEUTRAL,2020-09-14,4.7,4.56,5.15,15,False,24.88,2020-10-05,4.901416301727295,3.71,1.44,EXIT
HELI,REAL_ESTATE,ultra,NEUTRAL,2020-10-04,5.36,5.19,5.87,3,False,27.97,2020-10-07,5.87,8.94,3.0,WIN
ABUK,ENERGY,early,NEUTRAL,2020-09-28,10.29,9.88,11.27,9,False,21.85,2020-10-12,9.88,-4.56,1.0,LOSS
SKPC,INDUSTRIAL,early,NEUTRAL,2020-09-22,5.41,5.19,5.93,14,False,20.37,2020-10-13,5.19,-4.64,1.0,LOSS
SWDY,ENERGY,ultra,NEUTRAL,2020-10-05,6.54,6.34,7.17,6,False,29.95,2020-10-14,7.17,9.06,3.15,WIN
EAST,ENERGY,ultra,NEUTRAL,2020-09-29,7.01,6.8,7.68,15,False,25.0,2020-10-21,6.8,-3.57,1.0,LOSS
TMGH,REAL_ESTATE,early,NEUTRAL,2020-10-07,6.24,5.99,6.84,9,False,26.46,2020-10-21,5.99,-4.58,1.0,LOSS
SWDY,ENERGY,early,NEUTRAL,2020-10-14,7.09,6.88,7.77,5,False,28.34,2020-10-21,6.88,-3.54,1.0,LOSS
ETEL,SERVICES,early,NEUTRAL,2020-10-12,9.01,8.65,9.87,8,False,31.28,2020-10-22,8.65,-4.57,1.0,LOSS
SWDY,ENERGY,early,NEUTRAL,2020-10-21,6.96,6.68,7.62,1,False,22.32,2020-10-22,6.68,-4.6,1.0,LOSS
ORWE,SERVICES,buy,NEUTRAL,2020-10-21,3.8,3.65,4.16,1,False,22.16,2020-10-22,3.65,-4.52,1.0,LOSS
COMI,BANKS,early,NEUTRAL,2020-10-13,31.23,29.98,34.21,8,False,31.99,2020-10-25,29.98,-4.58,1.0,LOSS
JUFO,SERVICES,buy,NEUTRAL,2020-10-22,6.17,5.98,6.76,1,False,25.47,2020-10-25,5.98,-3.65,1.0,LOSS
ISPH,ENERGY,buy,NEUTRAL,2020-10-26,4.92,4.77,5.39,2,False,22.52,2020-10-28,4.77,-3.62,1.0,LOSS
FWRY,SERVICES,early,NEUTRAL,2020-10-27,6.81,6.54,7.46,1,False,21.4,2020-10-28,7.46,8.97,2.41,WIN
JUFO,SERVICES,buy,NEUTRAL,2020-10-25,6.09,5.91,6.68,4,False,25.95,2020-11-01,5.91,-3.53,1.0,LOSS
ORWE,SERVICES,buy,NEUTRAL,2020-11-01,3.95,3.83,4.33,2,False,24.89,2020-11-03,3.83,-3.61,1.0,LOSS
FAIT,BANKS,early,NEUTRAL,2020-11-03,7.05,6.77,7.72,4,False,21.61,2020-11-09,7.72,8.93,2.39,WIN
ABUK,ENERGY,ultra,NEUTRAL,2020-11-02,10.34,10.03,11.33,10,False,28.04,2020-11-16,11.33,9.0,3.19,WIN
ISPH,ENERGY,ultra,NEUTRAL,2020-11-11,4.98,4.83,5.45,3,False,26.52,2020-11-16,4.83,-3.59,1.0,LOSS
OCDI,REAL_ESTATE,buy,NEUTRAL,2020-11-05,11.84,11.37,12.97,8,False,21.57,2020-11-17,12.97,8.97,2.4,WIN
ESRS,INDUSTRIAL,ultra,NEUTRAL,2020-11-16,6.49,6.29,7.11,3,False,31.02,2020-11-19,6.29,-3.66,1.0,LOSS
HELI,REAL_ESTATE,ultra,NEUTRAL,2020-11-16,5.8,5.63,6.36,5,False,25.61,2020-11-23,6.36,9.08,3.29,WIN
TMGH,REAL_ESTATE,early,NEUTRAL,2020-11-22,6.2,5.95,6.8,2,False,21.41,2020-11-24,6.8,9.1,2.4,WIN
ETEL,SERVICES,ultra,NEUTRAL,2020-11-04,8.9,8.63,9.75,15,False,25.0,2020-11-25,9.274239540100098,3.63,1.39,EXIT
FAIT,BANKS,early,NEUTRAL,2020-11-09,7.55,7.25,8.27,12,False,25.51,2020-11-25,7.25,-4.55,1.0,LOSS
HELI,REAL_ESTATE,early,NEUTRAL,2020-11-23,6.31,6.06,6.91,3,False,24.45,2020-11-26,6.06,-4.54,1.0,LOSS
JUFO,SERVICES,early,NEUTRAL,2020-11-26,6.59,6.32,7.22,3,False,21.09,2020-12-01,6.32,-4.67,1.0,LOSS
TMGH,REAL_ESTATE,early,NEUTRAL,2020-11-24,6.71,6.44,7.35,10,False,23.87,2020-12-08,6.44,-4.6,1.0,LOSS
EAST,ENERGY,early,NEUTRAL,2020-12-01,6.94,6.66,7.6,5,False,24.93,2020-12-08,7.6,8.94,2.36,WIN
ABUK,ENERGY,early,NEUTRAL,2020-12-08,12.33,11.84,13.51,3,False,20.09,2020-12-13,11.84,-4.55,1.0,LOSS
SKPC,INDUSTRIAL,early,NEUTRAL,2020-11-29,5.31,5.1,5.82,14,False,24.63,2020-12-17,5.82,9.03,2.43,WIN
ESRS,INDUSTRIAL,early,NEUTRAL,2020-12-14,7.22,7.01,7.91,3,False,23.78,2020-12-17,7.91,8.98,3.29,WIN
HRHO,SERVICES,early,NEUTRAL,2020-11-29,7.58,7.36,8.31,15,False,23.93,2020-12-20,7.988887786865234,4.82,1.86,EXIT
ADIB,BANKS,early,NEUTRAL,2020-12-10,9.09,8.72,9.96,7,False,23.35,2020-12-21,8.72,-4.65,1.0,LOSS
SKPC,INDUSTRIAL,early,NEUTRAL,2020-12-17,5.72,5.49,6.26,2,False,23.55,2020-12-21,5.49,-4.6,1.0,LOSS
HRHO,SERVICES,early,NEUTRAL,2020-12-20,7.95,7.71,8.71,1,False,32.97,2020-12-21,7.71,-3.59,1.0,LOSS
SWDY,ENERGY,early,NEUTRAL,2020-12-20,8.26,7.93,9.05,1,False,20.61,2020-12-21,7.93,-4.57,1.0,LOSS
CIEB,BANKS,ultra,NEUTRAL,2020-12-01,4.68,4.54,5.13,15,False,24.98,2020-12-22,4.963137149810791,5.47,2.02,EXIT
SKPC,INDUSTRIAL,early,BULL,2020-12-21,5.4,5.18,5.91,6,False,28.41,2020-12-29,5.91,8.87,2.32,WIN
SKPC,INDUSTRIAL,early,NEUTRAL,2020-12-29,5.93,5.69,6.5,6,False,20.54,2021-01-06,6.5,9.04,2.38,WIN
HRHO,SERVICES,early,BULL,2020-12-21,7.66,7.43,8.39,13,False,34.97,2021-01-10,8.39,8.96,3.17,WIN
AMOC,INDUSTRIAL,early,NEUTRAL,2020-12-31,2.01,1.93,2.2,5,False,26.79,2021-01-10,2.2,8.88,2.38,WIN
AMOC,INDUSTRIAL,early,NEUTRAL,2021-01-10,2.23,2.14,2.44,1,False,23.71,2021-01-11,2.14,-4.61,1.0,LOSS
CIEB,BANKS,early,NEUTRAL,2020-12-24,5.05,4.84,5.53,15,False,20.42,2021-01-17,4.999444484710693,-1.58,0.24,EXIT
TMGH,REAL_ESTATE,early,BULL,2020-12-30,6.13,5.88,6.71,12,False,25.41,2021-01-18,6.71,8.89,2.32,WIN
JUFO,SERVICES,early,NEUTRAL,2021-01-18,6.32,6.07,6.93,3,False,24.95,2021-01-21,6.07,-4.53,1.0,LOSS
ABUK,ENERGY,early,NEUTRAL,2021-01-21,12.68,12.3,13.89,6,False,21.63,2021-02-01,13.89,8.97,3.18,WIN
COMI,BANKS,early,NEUTRAL,2021-01-11,28.61,27.46,31.34,15,False,28.82,2021-02-02,29.309022903442383,1.87,0.61,EXIT
CIEB,BANKS,early,NEUTRAL,2021-01-21,5.2,5.05,5.7,7,False,23.05,2021-02-02,5.05,-3.46,1.0,LOSS
ORWE,SERVICES,ultra,BULL,2021-01-12,4.63,4.49,5.07,15,False,31.68,2021-02-03,4.49,-3.6,1.0,LOSS
JUFO,SERVICES,early,NEUTRAL,2021-02-01,6.29,6.04,6.9,4,False,26.43,2021-02-07,6.04,-4.55,1.0,LOSS
ETEL,SERVICES,buy,NEUTRAL,2021-02-02,8.45,8.19,9.25,4,False,22.55,2021-02-08,8.19,-3.65,1.0,LOSS
TMGH,REAL_ESTATE,early,NEUTRAL,2021-01-19,6.68,6.41,7.32,15,False,22.3,2021-02-10,6.701803684234619,-0.25,0.08,EXIT
ADIB,BANKS,early,NEUTRAL,2021-02-07,9.51,9.12,10.41,5,False,26.47,2021-02-14,9.12,-4.68,1.0,LOSS
CIEB,BANKS,buy,NEUTRAL,2021-02-07,5.12,4.97,5.61,5,False,21.11,2021-02-14,4.97,-3.5,1.0,LOSS
FAIT,BANKS,early,NEUTRAL,2021-02-04,7.77,7.53,8.51,12,False,22.8,2021-02-22,7.53,-3.66,1.0,LOSS
ADIB,BANKS,buy,NEUTRAL,2021-02-14,9.14,8.77,10.02,7,False,21.24,2021-02-23,8.77,-4.62,1.0,LOSS
OCDI,REAL_ESTATE,buy,NEUTRAL,2021-02-10,15.07,14.61,16.51,10,False,21.96,2021-02-24,14.61,-3.63,1.0,LOSS
EAST,ENERGY,early,NEUTRAL,2021-02-25,9.33,9.09,10.22,1,False,30.12,2021-02-28,9.09,-3.15,1.0,LOSS
HRHO,SERVICES,early,NEUTRAL,2021-02-11,8.73,8.38,9.56,14,False,22.82,2021-03-03,8.38,-4.58,1.0,LOSS
ISPH,ENERGY,buy,NEUTRAL,2021-02-16,4.2,4.08,4.6,11,False,24.37,2021-03-03,4.08,-3.43,1.0,LOSS
EAST,ENERGY,early,NEUTRAL,2021-03-01,9.26,8.98,10.15,4,False,32.91,2021-03-07,8.98,-3.6,1.0,LOSS
ABUK,ENERGY,early,NEUTRAL,2021-02-28,12.65,12.27,13.86,6,False,30.06,2021-03-08,12.27,-3.58,1.0,LOSS
OCDI,REAL_ESTATE,early,BULL,2021-03-03,16.22,15.73,17.77,4,False,32.38,2021-03-09,15.73,-3.6,1.0,LOSS
AMOC,INDUSTRIAL,buy,NEUTRAL,2021-03-08,2.08,2.02,2.28,1,False,26.1,2021-03-09,2.02,-3.46,1.0,LOSS
AMOC,INDUSTRIAL,early,NEUTRAL,2021-03-09,2.04,1.97,2.23,3,False,27.13,2021-03-14,1.97,-4.01,1.0,LOSS
SKPC,INDUSTRIAL,ultra,BULL,2021-03-03,6.84,6.63,7.49,9,False,30.37,2021-03-16,6.63,-3.65,1.0,LOSS
COMI,BANKS,buy,NEUTRAL,2021-02-24,28.34,27.63,31.05,15,False,28.68,2021-03-17,28.11567497253418,-1.37,0.32,EXIT
SAUD,BANKS,early,NEUTRAL,2021-03-16,3.88,3.78,4.25,3,False,25.25,2021-03-21,3.78,-3.15,1.0,LOSS
OCDI,REAL_ESTATE,buy,NEUTRAL,2021-03-15,15.98,15.5,17.51,6,False,20.45,2021-03-23,15.5,-3.58,1.0,LOSS
JUFO,SERVICES,buy,NEUTRAL,2021-03-30,5.22,5.09,5.72,1,False,25.54,2021-03-31,5.09,-3.07,1.0,LOSS
SWDY,ENERGY,buy,NEUTRAL,2021-03-25,8.43,8.1,9.24,6,False,22.03,2021-04-04,8.1,-4.49,1.0,LOSS
ABUK,ENERGY,early,NEUTRAL,2021-03-28,12.4,11.9,13.58,5,False,23.27,2021-04-04,11.9,-4.61,1.0,LOSS
COMI,BANKS,buy,NEUTRAL,2021-03-29,27.28,26.18,29.88,4,False,20.21,2021-04-04,26.18,-4.61,1.0,LOSS
HELI,REAL_ESTATE,buy,NEUTRAL,2021-04-04,4.58,4.39,5.01,1,False,26.35,2021-04-05,4.39,-4.72,1.0,LOSS
HRHO,SERVICES,buy,NEUTRAL,2021-03-29,8.03,7.71,8.8,12,False,22.48,2021-04-14,7.71,-4.56,1.0,LOSS
FWRY,SERVICES,early,NEUTRAL,2021-04-11,10.45,10.03,11.45,3,False,26.16,2021-04-14,11.45,8.99,2.38,WIN
ETEL,SERVICES,buy,NEUTRAL,2021-04-11,8.15,7.9,8.93,3,False,24.28,2021-04-14,7.9,-3.64,1.0,LOSS
AMOC,INDUSTRIAL,early,BULL,2021-04-13,2.02,1.94,2.21,1,False,32.24,2021-04-14,1.94,-4.54,1.0,LOSS
FWRY,SERVICES,early,BULL,2021-04-14,11.4,10.94,12.49,1,False,32.19,2021-04-15,10.94,-4.61,1.0,LOSS
SKPC,INDUSTRIAL,buy,BULL,2021-04-14,6.2,5.95,6.79,1,False,28.84,2021-04-15,5.95,-4.61,1.0,LOSS
FWRY,SERVICES,early,NEUTRAL,2021-04-15,11.19,10.74,12.26,1,False,28.09,2021-04-18,12.26,8.99,2.38,WIN
FWRY,SERVICES,early,NEUTRAL,2021-04-18,11.45,10.99,12.54,2,False,21.04,2021-04-20,10.99,-4.59,1.0,LOSS
ORWE,SERVICES,ultra,NEUTRAL,2021-03-31,4.66,4.52,5.1,15,False,25.0,2021-04-21,4.78392219543457,2.08,0.89,EXIT
SKPC,INDUSTRIAL,buy,NEUTRAL,2021-04-15,6.03,5.78,6.6,6,False,23.61,2021-04-25,6.6,8.88,2.28,WIN
AMOC,INDUSTRIAL,early,NEUTRAL,2021-04-21,1.99,1.91,2.18,3,False,24.06,2021-04-26,1.91,-4.6,1.0,LOSS
ORWE,SERVICES,ultra,NEUTRAL,2021-04-25,4.78,4.64,5.24,1,False,25.0,2021-04-26,4.64,-3.5,1.0,LOSS
ESRS,INDUSTRIAL,ultra,NEUTRAL,2021-04-22,8.68,8.42,9.51,7,False,29.89,2021-05-06,9.51,8.99,3.19,WIN
SKPC,INDUSTRIAL,early,NEUTRAL,2021-04-26,6.44,6.18,7.06,8,False,25.39,2021-05-11,7.06,9.05,2.38,WIN
ETEL,SERVICES,buy,NEUTRAL,2021-04-18,8.15,7.91,8.93,15,False,21.0,2021-05-17,8.483901023864746,3.52,1.39,EXIT
COMI,BANKS,buy,BULL,2021-04-20,27.08,25.99,29.67,15,False,23.34,2021-05-19,26.513710021972656,-2.67,0.52,EXIT
SWDY,ENERGY,ultra,NEUTRAL,2021-05-19,7.93,7.69,8.68,2,False,28.88,2021-05-23,8.68,8.88,3.13,WIN
ESRS,INDUSTRIAL,early,NEUTRAL,2021-05-06,9.25,8.97,10.13,10,False,23.9,2021-05-25,8.97,-3.6,1.0,LOSS
SWDY,ENERGY,early,NEUTRAL,2021-05-23,8.34,8.08,9.13,2,False,29.78,2021-05-25,8.08,-3.69,1.0,LOSS
SKPC,INDUSTRIAL,early,NEUTRAL,2021-05-11,6.88,6.67,7.53,8,False,26.85,2021-05-26,6.67,-3.63,1.0,LOSS
SWDY,ENERGY,ultra,NEUTRAL,2021-05-25,8.13,7.88,8.9,1,False,34.3,2021-05-26,7.88,-3.65,1.0,LOSS
CNFN,BANKS,buy,NEUTRAL,2021-05-26,3.5,3.39,3.83,1,False,30.95,2021-05-27,3.83,8.85,3.0,WIN
SWDY,ENERGY,buy,NEUTRAL,2021-05-26,7.94,7.7,8.69,1,False,25.29,2021-05-27,7.7,-3.6,1.0,LOSS
CIEB,BANKS,buy,NEUTRAL,2021-05-04,4.18,4.07,4.58,15,False,20.58,2021-05-30,4.171648979187012,-0.77,0.08,EXIT
ADIB,BANKS,early,NEUTRAL,2021-06-01,8.98,8.62,9.84,1,False,26.71,2021-06-02,8.62,-4.58,1.0,LOSS
HELI,REAL_ESTATE,ultra,NEUTRAL,2021-05-17,4.29,4.16,4.69,15,False,22.36,2021-06-07,4.361459255218506,1.09,0.55,EXIT
ETEL,SERVICES,early,NEUTRAL,2021-05-25,8.6,8.26,9.42,9,False,21.8,2021-06-07,9.42,8.96,2.41,WIN
CNFN,BANKS,buy,NEUTRAL,2021-05-27,3.61,3.5,3.96,7,False,25.83,2021-06-07,3.5,-3.62,1.0,LOSS
ETEL,SERVICES,early,NEUTRAL,2021-06-07,9.11,8.74,9.98,1,False,26.98,2021-06-08,9.98,8.97,2.35,WIN
ESRS,INDUSTRIAL,ultra,NEUTRAL,2021-06-09,9.39,9.1,10.28,2,False,31.97,2021-06-13,9.1,-3.66,1.0,LOSS
SKPC,INDUSTRIAL,ultra,NEUTRAL,2021-06-09,6.94,6.73,7.6,2,False,29.14,2021-06-13,6.73,-3.6,1.0,LOSS
TMGH,REAL_ESTATE,early,NEUTRAL,2021-06-08,5.9,5.67,6.47,4,False,24.46,2021-06-14,5.67,-4.47,1.0,LOSS
JUFO,SERVICES,early,NEUTRAL,2021-06-14,5.32,5.1,5.83,1,False,24.11,2021-06-15,5.1,-4.71,1.0,LOSS
OCDI,REAL_ESTATE,early,NEUTRAL,2021-06-07,16.96,16.28,18.58,7,False,21.26,2021-06-16,16.28,-4.58,1.0,LOSS
TMGH,REAL_ESTATE,early,NEUTRAL,2021-06-14,5.74,5.57,6.29,2,False,23.62,2021-06-16,5.57,-3.54,1.0,LOSS
JUFO,SERVICES,early,NEUTRAL,2021-06-15,5.14,4.93,5.63,1,False,23.43,2021-06-16,4.93,-4.66,1.0,LOSS
JUFO,SERVICES,early,NEUTRAL,2021-06-16,4.97,4.77,5.45,2,False,20.47,2021-06-20,5.45,9.08,2.4,WIN
EAST,ENERGY,ultra,NEUTRAL,2021-06-17,7.56,7.33,8.28,1,False,25.0,2021-06-20,7.33,-3.62,1.0,LOSS
SKPC,INDUSTRIAL,buy,NEUTRAL,2021-06-16,6.81,6.61,7.46,4,False,20.32,2021-06-22,7.46,8.97,3.25,WIN
ADIB,BANKS,early,NEUTRAL,2021-06-02,8.64,8.29,9.46,15,False,29.09,2021-06-23,8.891799926757812,2.34,0.72,EXIT
AMOC,INDUSTRIAL,buy,NEUTRAL,2021-06-21,2.0,1.94,2.2,2,False,25.0,2021-06-23,2.2,9.42,3.33,WIN
SKPC,INDUSTRIAL,early,NEUTRAL,2021-06-22,7.58,7.35,8.3,5,False,30.8,2021-06-29,7.35,-3.61,1.0,LOSS
SWDY,ENERGY,ultra,NEUTRAL,2021-06-21,7.88,7.64,8.63,12,False,27.08,2021-07-08,7.64,-3.62,1.0,LOSS
ADIB,BANKS,early,NEUTRAL,2021-06-29,8.98,8.62,9.83,6,False,24.74,2021-07-08,8.62,-4.58,1.0,LOSS
ISPH,ENERGY,ultra,NEUTRAL,2021-06-24,2.92,2.83,3.2,10,False,22.07,2021-07-11,2.83,-3.66,1.0,LOSS
ABUK,ENERGY,ultra,NEUTRAL,2021-06-23,11.1,10.77,12.16,15,False,25.0,2021-07-15,11.219616889953613,0.5,0.36,EXIT
OCDI,REAL_ESTATE,early,NEUTRAL,2021-06-23,16.91,16.49,18.53,15,False,33.24,2021-07-15,17.280000686645508,1.61,0.88,EXIT
OCDI,REAL_ESTATE,early,NEUTRAL,2021-07-15,17.19,16.5,18.84,5,False,24.25,2021-07-28,16.5,-4.59,1.0,LOSS
SAUD,BANKS,early,NEUTRAL,2021-07-18,3.68,3.53,4.03,7,False,25.1,2021-08-02,4.03,8.94,2.33,WIN
COMI,BANKS,early,NEUTRAL,2021-07-08,25.03,24.03,27.42,15,False,29.23,2021-08-04,26.787670135498047,6.45,1.76,EXIT
HELI,REAL_ESTATE,ultra,NEUTRAL,2021-07-14,4.3,4.17,4.71,15,False,24.71,2021-08-10,4.552671432495117,5.3,1.94,EXIT
HRHO,SERVICES,ultra,NEUTRAL,2021-07-25,7.54,7.31,8.26,15,False,25.0,2021-08-16,7.786665916442871,2.7,1.07,EXIT
ABUK,ENERGY,early,NEUTRAL,2021-07-28,11.55,11.09,12.65,13,False,29.88,2021-08-17,11.09,-4.56,1.0,LOSS
EGTS,SERVICES,early,NEUTRAL,2021-08-17,2.26,2.17,2.47,1,False,22.63,2021-08-18,2.17,-4.56,1.0,LOSS
SAUD,BANKS,early,NEUTRAL,2021-08-04,3.92,3.76,4.3,10,False,23.51,2021-08-19,3.76,-4.66,1.0,LOSS
ISPH,ENERGY,early,BULL,2021-08-02,3.13,3.03,3.43,15,False,27.54,2021-08-24,3.302741765975952,4.94,1.73,EXIT
EGTS,SERVICES,early,NEUTRAL,2021-08-18,2.17,2.08,2.38,4,False,23.79,2021-08-24,2.38,9.1,2.33,WIN
HRHO,SERVICES,ultra,NEUTRAL,2021-08-19,7.65,7.42,8.38,7,False,26.03,2021-08-30,8.38,8.97,3.17,WIN
ISPH,ENERGY,early,BULL,2021-08-25,3.42,3.28,3.75,3,False,20.38,2021-08-30,3.28,-4.67,1.0,LOSS
CNFN,BANKS,buy,NEUTRAL,2021-08-11,3.58,3.44,3.93,15,False,23.7,2021-09-02,3.6463537216186523,1.28,0.47,EXIT
AMOC,INDUSTRIAL,early,NEUTRAL,2021-08-30,2.4,2.31,2.63,4,False,26.22,2021-09-05,2.31,-4.32,1.0,LOSS
SWDY,ENERGY,early,NEUTRAL,2021-08-16,8.33,7.99,9.12,15,False,27.05,2021-09-06,8.014435768127441,-4.36,0.93,EXIT
ORWE,SERVICES,buy,NEUTRAL,2021-08-24,6.2,6.02,6.8,11,False,27.52,2021-09-08,6.8,9.1,3.33,WIN
EAST,ENERGY,early,NEUTRAL,2021-08-31,7.39,7.1,8.1,15,False,32.35,2021-09-21,7.751628398895264,4.32,1.25,EXIT
TMGH,REAL_ESTATE,ultra,NEUTRAL,2021-09-05,6.96,6.75,7.63,12,False,28.3,2021-09-21,6.75,-3.59,1.0,LOSS
HRHO,SERVICES,early,NEUTRAL,2021-09-06,8.25,7.92,9.04,11,False,22.2,2021-09-21,7.92,-4.57,1.0,LOSS
OCDI,REAL_ESTATE,buy,NEUTRAL,2021-09-13,17.87,17.42,19.58,7,False,21.92,2021-09-22,17.42,-3.09,1.0,LOSS
CNFN,BANKS,early,NEUTRAL,2021-09-02,3.63,3.48,3.97,15,False,25.14,2021-09-23,3.6463537216186523,-0.12,0.11,EXIT
ADIB,BANKS,early,NEUTRAL,2021-09-26,12.28,11.79,13.45,1,False,25.98,2021-09-27,11.79,-4.57,1.0,LOSS
ADIB,BANKS,early,NEUTRAL,2021-09-27,11.65,11.18,12.76,2,False,26.52,2021-09-29,11.18,-4.61,1.0,LOSS
ETEL,SERVICES,buy,NEUTRAL,2021-09-21,11.07,10.62,12.13,7,False,26.47,2021-09-30,10.62,-4.64,1.0,LOSS
ABUK,ENERGY,ultra,NEUTRAL,2021-09-21,11.16,10.83,12.23,15,False,33.83,2021-10-13,11.775961875915527,4.94,1.87,EXIT
TMGH,REAL_ESTATE,ultra,NEUTRAL,2021-09-30,7.04,6.83,7.71,8,False,20.28,2021-10-13,6.83,-3.56,1.0,LOSS
AMOC,INDUSTRIAL,buy,NEUTRAL,2021-10-03,2.45,2.37,2.68,8,False,21.1,2021-10-14,2.68,8.81,2.87,WIN
JUFO,SERVICES,buy,NEUTRAL,2021-09-23,5.06,4.91,5.55,15,False,20.27,2021-10-17,5.161729335784912,1.44,0.68,EXIT
ADIB,BANKS,early,NEUTRAL,2021-09-29,11.23,10.89,12.3,11,False,23.02,2021-10-17,12.3,8.95,3.15,WIN
CIEB,BANKS,ultra,NEUTRAL,2021-10-13,4.8,4.66,5.26,4,False,37.14,2021-10-19,4.66,-3.49,1.0,LOSS
FWRY,SERVICES,early,NEUTRAL,2021-10-18,8.97,8.61,9.83,3,False,23.74,2021-10-24,8.61,-4.59,1.0,LOSS
HRHO,SERVICES,ultra,NEUTRAL,2021-10-13,8.1,7.86,8.87,15,False,20.07,2021-11-04,8.633333206176758,6.01,2.22,EXIT
SWDY,ENERGY,ultra,NEUTRAL,2021-10-20,8.03,7.79,8.8,10,False,31.63,2021-11-04,7.79,-3.56,1.0,LOSS
CIEB,BANKS,early,NEUTRAL,2021-10-19,4.82,4.63,5.28,15,False,25.38,2021-11-10,5.108364582061768,5.41,1.52,EXIT
TMGH,REAL_ESTATE,ultra,NEUTRAL,2021-10-24,6.91,6.71,7.57,15,False,26.82,2021-11-14,7.57,8.98,3.3,WIN
ETEL,SERVICES,ultra,NEUTRAL,2021-10-25,10.47,10.16,11.47,15,False,23.52,2021-11-15,10.971488952636719,4.21,1.62,EXIT
ABUK,ENERGY,early,NEUTRAL,2021-11-14,12.6,12.28,13.8,2,False,26.88,2021-11-16,12.28,-3.11,1.0,LOSS
ABUK,ENERGY,early,NEUTRAL,2021-11-16,12.3,11.81,13.47,3,False,26.52,2021-11-21,11.81,-4.56,1.0,LOSS
CIEB,BANKS,early,NEUTRAL,2021-11-11,5.21,5.0,5.71,9,False,20.51,2021-11-24,5.0,-4.61,1.0,LOSS
HRHO,SERVICES,early,NEUTRAL,2021-11-04,8.59,8.24,9.41,15,False,23.04,2021-11-25,9.41,8.97,2.34,WIN
TMGH,REAL_ESTATE,buy,NEUTRAL,2021-11-24,7.31,7.12,8.0,1,False,26.75,2021-11-25,8.0,8.86,3.63,WIN
ORWE,SERVICES,early,NEUTRAL,2021-11-16,6.35,6.19,6.96,9,False,34.75,2021-11-29,6.19,-3.09,1.0,LOSS
SWDY,ENERGY,ultra,BULL,2021-11-25,8.13,7.88,8.9,2,False,28.39,2021-11-29,7.88,-3.65,1.0,LOSS
HELI,REAL_ESTATE,early,BULL,2021-11-25,4.14,4.04,4.54,5,False,33.45,2021-12-02,4.54,9.09,4.0,WIN
ETEL,SERVICES,ultra,NEUTRAL,2021-11-15,10.92,10.59,11.96,15,False,31.56,2021-12-06,11.570352554321289,5.38,1.97,EXIT
TMGH,REAL_ESTATE,early,NEUTRAL,2021-11-29,7.72,7.41,8.45,5,False,24.66,2021-12-06,8.45,8.88,2.35,WIN
ADIB,BANKS,early,NEUTRAL,2021-12-02,10.82,10.49,11.85,3,False,20.1,2021-12-07,11.85,8.94,3.12,WIN
HELI,REAL_ESTATE,early,BULL,2021-12-08,5.31,5.1,5.82,1,False,34.78,2021-12-09,5.82,9.03,2.43,WIN
EAST,ENERGY,buy,NEUTRAL,2021-11-21,7.54,7.31,8.26,15,False,25.73,2021-12-12,7.5708909034729,-0.17,0.13,EXIT
CIEB,BANKS,early,BULL,2021-12-07,5.5,5.28,6.02,4,False,22.96,2021-12-13,6.02,8.88,2.36,WIN
ABUK,ENERGY,early,BULL,2021-12-12,12.82,12.3,14.04,2,False,36.86,2021-12-14,12.3,-4.63,1.0,LOSS
ESRS,INDUSTRIAL,ultra,NEUTRAL,2021-11-30,11.51,11.16,12.6,11,False,27.56,2021-12-15,12.6,8.9,3.11,WIN
ESRS,INDUSTRIAL,buy,NEUTRAL,2021-12-15,13.09,12.69,14.33,2,False,25.84,2021-12-19,12.69,-3.63,1.0,LOSS
ETEL,SERVICES,early,BULL,2021-12-06,11.51,11.22,12.61,12,False,29.81,2021-12-22,12.61,8.98,3.79,WIN
ABUK,ENERGY,early,NEUTRAL,2021-12-14,12.28,11.79,13.45,10,False,36.22,2021-12-28,13.45,8.95,2.39,WIN
COMI,BANKS,early,BULL,2021-12-09,31.72,30.44,34.75,15,False,34.21,2021-12-30,32.80703353881836,2.85,0.85,EXIT
AMOC,INDUSTRIAL,ultra,NEUTRAL,2021-12-28,2.43,2.36,2.67,5,False,20.12,2022-01-04,2.67,9.3,3.43,WIN
ISPH,ENERGY,early,NEUTRAL,2021-12-19,3.04,2.92,3.33,15,False,24.15,2022-01-10,3.096320867538452,1.28,0.47,EXIT
ESRS,INDUSTRIAL,early,NEUTRAL,2021-12-19,12.63,12.25,13.84,15,False,24.08,2022-01-10,12.677363395690918,-0.2,0.12,EXIT
FWRY,SERVICES,buy,NEUTRAL,2021-12-23,6.89,6.61,7.54,15,False,28.32,2022-01-16,6.61,-4.64,1.0,LOSS
SKPC,INDUSTRIAL,early,NEUTRAL,2021-12-30,5.89,5.72,6.46,10,False,27.83,2022-01-16,5.72,-3.46,1.0,LOSS
SWDY,ENERGY,early,NEUTRAL,2022-01-10,9.38,9.0,10.27,4,False,20.1,2022-01-16,9.0,-4.63,1.0,LOSS
COMI,BANKS,buy,NEUTRAL,2022-01-18,32.65,31.66,35.77,2,False,24.03,2022-01-20,31.66,-3.61,1.0,LOSS
AMOC,INDUSTRIAL,early,NEUTRAL,2022-01-10,2.62,2.54,2.86,9,False,26.15,2022-01-23,2.54,-3.63,1.0,LOSS
ORWE,SERVICES,buy,NEUTRAL,2022-01-19,6.43,6.27,7.05,3,False,22.47,2022-01-24,6.27,-3.06,1.0,LOSS
ABUK,ENERGY,early,NEUTRAL,2022-01-04,13.1,12.57,14.35,15,False,25.38,2022-01-26,13.258275032043457,0.63,0.3,EXIT
EAST,ENERGY,buy,NEUTRAL,2022-01-19,7.53,7.31,8.25,5,False,21.49,2022-01-26,7.31,-3.5,1.0,LOSS
JUFO,SERVICES,buy,NEUTRAL,2022-01-24,6.64,6.48,7.28,3,False,20.12,2022-01-30,6.48,-2.98,1.0,LOSS
JUFO,SERVICES,buy,NEUTRAL,2022-01-30,6.52,6.26,7.14,3,False,21.19,2022-02-02,6.26,-4.56,1.0,LOSS
COMI,BANKS,buy,NEUTRAL,2022-01-23,32.59,31.61,35.7,10,False,22.55,2022-02-07,31.61,-3.58,1.0,LOSS
HRHO,SERVICES,buy,NEUTRAL,2022-01-31,9.72,9.48,10.65,7,False,21.33,2022-02-09,10.65,8.99,3.87,WIN
ISPH,ENERGY,ultra,NEUTRAL,2022-02-02,3.03,2.94,3.32,6,False,27.78,2022-02-10,2.94,-3.55,1.0,LOSS
HELI,REAL_ESTATE,ultra,NEUTRAL,2022-02-02,5.97,5.79,6.55,6,False,24.43,2022-02-10,5.79,-3.59,1.0,LOSS
ESRS,INDUSTRIAL,buy,NEUTRAL,2022-02-01,12.16,11.67,13.32,8,False,25.82,2022-02-13,11.67,-4.6,1.0,LOSS
SKPC,INDUSTRIAL,ultra,NEUTRAL,2022-02-07,5.74,5.57,6.29,4,False,33.86,2022-02-13,5.57,-3.54,1.0,LOSS
TMGH,REAL_ESTATE,early,NEUTRAL,2022-02-10,9.11,8.74,9.98,8,False,23.16,2022-02-22,8.74,-4.64,1.0,LOSS
ABUK,ENERGY,buy,NEUTRAL,2022-02-16,13.04,12.65,14.29,4,False,23.29,2022-02-22,12.65,-3.57,1.0,LOSS
ETEL,SERVICES,early,NEUTRAL,2022-02-09,13.48,12.93,14.76,11,False,24.44,2022-02-24,12.93,-4.66,1.0,LOSS
COMI,BANKS,buy,NEUTRAL,2022-02-16,31.73,30.45,34.75,6,False,21.87,2022-02-24,30.45,-4.61,1.0,LOSS
ESRS,INDUSTRIAL,buy,NEUTRAL,2022-02-21,11.92,11.56,13.05,3,False,23.02,2022-02-24,11.56,-3.6,1.0,LOSS
CIEB,BANKS,ultra,NEUTRAL,2022-02-22,5.95,5.78,6.52,2,False,25.47,2022-02-24,5.78,-3.43,1.0,LOSS
EAST,ENERGY,buy,NEUTRAL,2022-02-27,7.35,7.13,8.05,2,False,25.0,2022-03-01,8.05,8.95,3.18,WIN
CIEB,BANKS,buy,BULL,2022-02-24,5.79,5.62,6.35,4,False,20.62,2022-03-02,5.62,-3.51,1.0,LOSS
FWRY,SERVICES,buy,NEUTRAL,2022-02-28,5.2,5.07,5.7,4,False,24.77,2022-03-06,5.07,-3.07,1.0,LOSS
SKPC,INDUSTRIAL,buy,NEUTRAL,2022-03-02,5.62,5.45,6.16,3,False,23.91,2022-03-07,6.16,9.03,3.18,WIN
AMOC,INDUSTRIAL,buy,BULL,2022-03-03,2.62,2.54,2.87,4,False,28.82,2022-03-09,2.54,-3.63,1.0,LOSS
ETEL,SERVICES,early,BULL,2022-03-06,14.2,13.63,15.56,3,False,25.6,2022-03-09,13.63,-4.59,1.0,LOSS
ABUK,ENERGY,buy,NEUTRAL,2022-02-27,12.91,12.52,14.14,10,False,24.88,2022-03-13,14.14,8.95,3.15,WIN
SKPC,INDUSTRIAL,early,BULL,2022-03-07,5.95,5.77,6.51,4,False,35.16,2022-03-13,5.77,-3.6,1.0,LOSS
ESRS,INDUSTRIAL,early,NEUTRAL,2022-03-08,13.0,12.61,14.24,5,False,30.1,2022-03-15,12.61,-3.57,1.0,LOSS
AMOC,INDUSTRIAL,early,NEUTRAL,2022-03-09,2.59,2.51,2.84,4,False,28.92,2022-03-15,2.51,-3.66,1.0,LOSS
FWRY,SERVICES,buy,BULL,2022-03-16,5.28,5.14,5.78,1,False,33.32,2022-03-17,5.14,-3.23,1.0,LOSS
ESRS,INDUSTRIAL,buy,BULL,2022-03-15,12.82,12.44,14.05,4,False,20.45,2022-03-21,14.05,9.02,3.24,WIN
ADIB,BANKS,buy,NEUTRAL,2022-03-13,10.31,10.0,11.3,7,False,25.88,2022-03-22,11.3,9.03,3.19,WIN
FWRY,SERVICES,buy,BULL,2022-03-17,5.11,4.9,5.6,3,False,35.28,2022-03-22,5.6,9.01,2.33,WIN
HELI,REAL_ESTATE,early,BULL,2022-03-21,5.07,4.95,5.56,2,False,40.63,2022-03-23,5.56,9.09,4.08,WIN
JUFO,SERVICES,early,NEUTRAL,2022-03-20,6.04,5.89,6.61,4,False,26.99,2022-03-24,6.61,8.86,3.8,WIN
SWDY,ENERGY,early,NEUTRAL,2022-03-23,8.11,7.9,8.88,2,False,36.35,2022-03-27,7.9,-3.16,1.0,LOSS
HELI,REAL_ESTATE,early,NEUTRAL,2022-03-23,5.45,5.31,5.97,3,False,39.31,2022-03-28,5.31,-3.14,1.0,LOSS
SWDY,ENERGY,early,NEUTRAL,2022-03-27,8.05,7.73,8.82,1,False,30.49,2022-03-28,7.73,-4.55,1.0,LOSS
COMI,BANKS,early,BULL,2022-03-21,29.57,28.83,32.39,6,False,40.07,2022-03-29,28.83,-3.08,1.0,LOSS
SKPC,INDUSTRIAL,early,NEUTRAL,2022-03-28,6.69,6.43,7.33,3,False,28.02,2022-03-31,6.43,-4.46,1.0,LOSS
AMOC,INDUSTRIAL,early,NEUTRAL,2022-03-29,2.8,2.68,3.06,2,False,25.74,2022-03-31,2.68,-4.86,1.0,LOSS
HELI,REAL_ESTATE,early,NEUTRAL,2022-03-28,5.24,5.03,5.74,6,False,26.93,2022-04-05,5.74,8.97,2.38,WIN
SWDY,ENERGY,early,NEUTRAL,2022-04-04,8.26,8.05,9.05,1,False,22.57,2022-04-05,8.05,-3.12,1.0,LOSS
HELI,REAL_ESTATE,early,NEUTRAL,2022-04-06,5.54,5.31,6.07,2,False,21.09,2022-04-10,5.31,-4.73,1.0,LOSS
TMGH,REAL_ESTATE,early,NEUTRAL,2022-04-05,8.43,8.18,9.24,4,False,23.33,2022-04-11,8.18,-3.54,1.0,LOSS
HRHO,SERVICES,early,NEUTRAL,2022-04-04,12.47,11.97,13.66,8,False,21.74,2022-04-14,11.97,-4.58,1.0,LOSS
JUFO,SERVICES,early,NEUTRAL,2022-04-13,6.88,6.7,7.53,1,False,22.7,2022-04-14,6.7,-3.19,1.0,LOSS
CIEB,BANKS,buy,NEUTRAL,2022-04-19,5.43,5.27,5.95,1,False,24.14,2022-04-20,5.27,-3.52,1.0,LOSS
TMGH,REAL_ESTATE,buy,NEUTRAL,2022-04-17,8.36,8.11,9.16,4,False,23.8,2022-04-21,8.11,-3.57,1.0,LOSS
MFPC,ENERGY,early,NEUTRAL,2022-04-07,76.01,72.96,83.27,12,False,22.6,2022-04-27,83.27,8.98,2.38,WIN
ETEL,SERVICES,early,NEUTRAL,2022-04-20,13.26,12.73,14.53,5,False,20.96,2022-05-08,14.53,9.0,2.4,WIN
ORWE,SERVICES,early,NEUTRAL,2022-04-26,6.36,6.2,6.97,3,False,21.8,2022-05-08,6.97,9.02,3.81,WIN
ESRS,INDUSTRIAL,ultra,NEUTRAL,2022-05-08,13.0,12.61,14.24,1,False,34.75,2022-05-09,12.61,-3.57,1.0,LOSS
JUFO,SERVICES,early,NEUTRAL,2022-04-14,6.83,6.56,7.48,12,False,22.43,2022-05-11,7.48,8.94,2.41,WIN
ESRS,INDUSTRIAL,ultra,NEUTRAL,2022-05-09,12.82,12.44,14.05,3,False,33.77,2022-05-12,12.44,-3.54,1.0,LOSS
HELI,REAL_ESTATE,early,BULL,2022-05-11,5.22,5.06,5.72,1,False,26.09,2022-05-12,5.06,-3.64,1.0,LOSS
ORWE,SERVICES,early,BULL,2022-05-10,6.51,6.25,7.13,3,False,23.42,2022-05-15,6.25,-4.57,1.0,LOSS
SKPC,INDUSTRIAL,early,NEUTRAL,2022-04-27,6.14,5.99,6.73,8,False,24.37,2022-05-16,5.99,-3.02,1.0,LOSS
AMOC,INDUSTRIAL,ultra,NEUTRAL,2022-04-28,2.6,2.52,2.85,11,False,32.94,2022-05-22,2.52,-3.65,1.0,LOSS
AMOC,INDUSTRIAL,buy,NEUTRAL,2022-06-08,2.53,2.46,2.78,3,False,24.11,2022-06-13,2.46,-3.34,1.0,LOSS
SKPC,INDUSTRIAL,ultra,NEUTRAL,2022-06-09,6.14,5.95,6.72,2,False,27.64,2022-06-13,5.95,-3.67,1.0,LOSS
TMGH,REAL_ESTATE,ultra,NEUTRAL,2022-06-09,7.94,7.7,8.7,3,False,30.97,2022-06-14,7.7,-3.6,1.0,LOSS
ESRS,INDUSTRIAL,ultra,BEAR,2022-06-13,11.74,11.39,12.86,5,False,30.37,2022-06-20,11.39,-3.56,1.0,LOSS
ADIB,BANKS,buy,NEUTRAL,2022-06-08,9.42,9.19,10.32,10,False,27.81,2022-06-22,9.19,-3.02,1.0,LOSS
SKPC,INDUSTRIAL,ultra,BEAR,2022-06-13,5.86,5.68,6.41,8,False,29.96,2022-06-23,5.68,-3.65,1.0,LOSS
ADIB,BANKS,early,BEAR,2022-06-26,10.14,9.83,11.11,1,False,21.17,2022-06-27,9.83,-3.63,1.0,LOSS
AMOC,INDUSTRIAL,ultra,BEAR,2022-07-06,2.39,2.32,2.62,6,False,20.25,2022-07-21,2.62,9.05,3.29,WIN
HRHO,SERVICES,buy,NEUTRAL,2022-07-20,8.49,8.14,9.3,4,False,27.19,2022-07-26,9.3,8.97,2.31,WIN
JUFO,SERVICES,early,NEUTRAL,2022-07-25,6.98,6.77,7.64,3,False,24.23,2022-07-28,6.77,-3.58,1.0,LOSS
ORWE,SERVICES,buy,BULL,2022-07-21,5.61,5.47,6.14,8,False,29.16,2022-08-02,5.47,-3.07,1.0,LOSS
ADIB,BANKS,early,NEUTRAL,2022-07-28,10.42,10.11,11.42,3,False,28.94,2022-08-02,10.11,-3.55,1.0,LOSS
CIEB,BANKS,buy,NEUTRAL,2022-07-24,4.38,4.21,4.8,9,False,25.88,2022-08-04,4.8,9.01,2.47,WIN
TMGH,REAL_ESTATE,ultra,BULL,2022-07-26,7.1,6.89,7.78,7,False,23.97,2022-08-04,7.78,9.0,3.24,WIN
ESRS,INDUSTRIAL,buy,BULL,2022-07-19,11.62,11.27,12.73,13,False,25.0,2022-08-07,12.73,8.98,3.17,WIN
HRHO,SERVICES,early,NEUTRAL,2022-08-02,9.31,8.94,10.2,3,False,24.54,2022-08-07,10.2,8.98,2.41,WIN
FWRY,SERVICES,early,NEUTRAL,2022-08-04,3.87,3.77,4.24,8,False,28.3,2022-08-16,3.77,-3.16,1.0,LOSS
SKPC,INDUSTRIAL,early,BULL,2022-08-07,5.74,5.51,6.29,15,False,31.34,2022-08-28,5.680139064788818,-1.62,0.26,EXIT
EAST,ENERGY,ultra,BULL,2022-08-08,7.11,6.9,7.79,15,False,34.62,2022-08-29,7.199356555938721,0.68,0.43,EXIT
COMI,BANKS,ultra,NEUTRAL,2022-08-09,24.27,23.54,26.59,15,False,27.87,2022-08-30,25.004220962524414,2.45,1.01,EXIT
ETEL,SERVICES,early,NEUTRAL,2022-08-09,12.47,11.97,13.66,15,False,32.97,2022-08-30,13.66,8.97,2.38,WIN
HELI,REAL_ESTATE,early,NEUTRAL,2022-08-28,5.66,5.43,6.2,3,False,25.21,2022-08-31,5.43,-4.64,1.0,LOSS
ORWE,SERVICES,buy,NEUTRAL,2022-08-29,5.99,5.75,6.56,3,False,21.77,2022-09-01,5.75,-4.58,1.0,LOSS
AMOC,INDUSTRIAL,early,NEUTRAL,2022-08-16,2.66,2.55,2.91,15,False,22.25,2022-09-06,2.816373348236084,5.3,1.42,EXIT
SWDY,ENERGY,early,BULL,2022-09-06,7.4,7.22,8.11,1,False,32.39,2022-09-07,7.22,-3.01,1.0,LOSS
ABUK,ENERGY,early,NEUTRAL,2022-09-01,15.76,15.12,17.26,9,False,20.48,2022-09-14,15.12,-4.64,1.0,LOSS
SKPC,INDUSTRIAL,buy,NEUTRAL,2022-09-04,5.86,5.68,6.41,10,False,24.72,2022-09-18,5.68,-3.65,1.0,LOSS
FWRY,SERVICES,ultra,NEUTRAL,2022-09-07,3.98,3.86,4.36,7,False,30.61,2022-09-18,3.86,-3.59,1.0,LOSS
SWDY,ENERGY,early,NEUTRAL,2022-09-08,7.19,6.9,7.87,6,False,28.84,2022-09-18,6.9,-4.61,1.0,LOSS
COMI,BANKS,ultra,BULL,2022-09-14,24.73,23.98,27.09,2,False,31.55,2022-09-18,23.98,-3.61,1.0,LOSS
ESRS,INDUSTRIAL,early,NEUTRAL,2022-09-07,14.2,13.63,15.55,8,False,29.72,2022-09-19,13.63,-4.59,1.0,LOSS
AMOC,INDUSTRIAL,buy,NEUTRAL,2022-09-18,2.7,2.59,2.95,15,False,20.25,2022-10-10,2.8499815464019775,4.98,1.36,EXIT
ADIB,BANKS,buy,NEUTRAL,2022-09-19,11.54,11.08,12.64,15,False,22.33,2022-10-11,11.08,-4.56,1.0,LOSS
ESRS,INDUSTRIAL,early,BULL,2022-10-02,13.86,13.3,15.18,6,False,26.82,2022-10-11,13.3,-4.62,1.0,LOSS
ABUK,ENERGY,buy,NEUTRAL,2022-09-25,15.56,15.17,17.05,15,False,20.48,2022-10-17,16.84951400756836,7.71,3.31,EXIT
ETEL,SERVICES,early,NEUTRAL,2022-09-27,14.71,14.12,16.12,15,False,21.86,2022-10-19,16.12,9.01,2.39,WIN
COMI,BANKS,ultra,NEUTRAL,2022-10-17,25.33,24.57,27.75,6,False,25.0,2022-10-25,27.75,8.98,3.18,WIN
SKPC,INDUSTRIAL,ultra,BULL,2022-10-10,5.7,5.53,6.25,13,False,30.62,2022-10-27,6.25,9.07,3.24,WIN
AMOC,INDUSTRIAL,buy,BULL,2022-10-11,2.82,2.74,3.09,12,False,26.13,2022-10-27,3.09,9.0,3.38,WIN
CIEB,BANKS,ultra,NEUTRAL,2022-10-19,5.16,5.01,5.66,6,False,32.25,2022-10-27,5.66,9.11,3.33,WIN
ORWE,SERVICES,early,NEUTRAL,2022-10-25,5.92,5.75,6.49,4,False,27.74,2022-10-31,6.49,9.05,3.35,WIN
HELI,REAL_ESTATE,ultra,BULL,2022-10-27,5.39,5.23,5.91,2,False,25.0,2022-10-31,5.23,-3.54,1.0,LOSS
HELI,REAL_ESTATE,ultra,BULL,2022-11-01,5.36,5.19,5.87,2,False,25.0,2022-11-03,5.19,-3.75,1.0,LOSS
HRHO,SERVICES,early,NEUTRAL,2022-10-17,9.87,9.57,10.81,15,False,32.41,2022-11-07,10.559999465942383,6.42,2.3,EXIT
ETEL,SERVICES,early,NEUTRAL,2022-11-03,16.86,16.44,18.47,4,False,26.21,2022-11-09,18.47,8.97,3.83,WIN
TMGH,REAL_ESTATE,early,BULL,2022-10-27,7.87,7.63,8.62,12,False,28.34,2022-11-14,8.62,8.95,3.12,WIN
EAST,ENERGY,early,NEUTRAL,2022-11-10,8.96,8.6,9.82,5,False,22.95,2022-11-17,9.82,9.02,2.39,WIN
SKPC,INDUSTRIAL,early,BULL,2022-10-31,6.11,5.95,6.69,15,False,28.42,2022-11-21,6.52304744720459,6.19,2.58,EXIT
ADIB,BANKS,early,NEUTRAL,2022-11-17,11.35,10.89,12.44,3,False,32.02,2022-11-22,10.89,-4.63,1.0,LOSS
SWDY,ENERGY,early,NEUTRAL,2022-11-21,8.45,8.11,9.26,1,False,29.03,2022-11-22,8.11,-4.6,1.0,LOSS
ORWE,SERVICES,early,NEUTRAL,2022-11-07,6.39,6.13,6.99,14,False,20.15,2022-11-27,6.99,8.81,2.31,WIN
SWDY,ENERGY,early,BULL,2022-11-22,8.25,7.92,9.04,3,False,28.27,2022-11-27,9.04,9.0,2.39,WIN
SKPC,INDUSTRIAL,early,BULL,2022-11-22,6.54,6.27,7.16,4,False,20.25,2022-11-28,7.16,8.91,2.3,WIN
HRHO,SERVICES,early,NEUTRAL,2022-11-10,10.75,10.32,11.78,14,False,21.32,2022-11-30,11.78,9.01,2.4,WIN
ADIB,BANKS,early,NEUTRAL,2022-11-28,12.21,11.9,13.37,2,False,28.68,2022-11-30,13.37,8.93,3.74,WIN
HELI,REAL_ESTATE,ultra,BULL,2022-11-14,5.35,5.19,5.86,13,False,25.0,2022-12-01,5.86,8.96,3.19,WIN
KZPC,INDUSTRIAL,ultra,BULL,2022-12-01,2.55,2.47,2.79,1,False,31.09,2022-12-04,2.79,8.84,3.0,WIN
SWDY,ENERGY,early,NEUTRAL,2022-11-27,9.0,8.64,9.86,6,False,20.77,2022-12-05,9.86,8.98,2.39,WIN
ESRS,INDUSTRIAL,early,BULL,2022-12-01,17.44,17.0,19.11,2,False,25.54,2022-12-05,19.11,9.0,3.8,WIN
TMGH,REAL_ESTATE,early,BULL,2022-11-29,8.58,8.24,9.4,6,False,27.82,2022-12-07,9.4,8.98,2.41,WIN
ISPH,ENERGY,early,BULL,2022-12-04,2.01,1.93,2.2,3,False,20.4,2022-12-07,2.2,8.88,2.38,WIN
TMGH,REAL_ESTATE,early,NEUTRAL,2022-12-11,9.26,8.89,10.15,3,False,23.86,2022-12-14,10.15,9.04,2.41,WIN
EAST,ENERGY,early,BULL,2022-12-13,11.23,10.95,12.3,1,False,22.41,2022-12-14,10.95,-3.07,1.0,LOSS
JUFO,SERVICES,ultra,BULL,2022-12-06,6.91,6.7,7.57,7,False,30.73,2022-12-15,7.57,8.98,3.14,WIN
KZPC,INDUSTRIAL,early,BULL,2022-12-05,2.76,2.65,3.03,11,False,28.84,2022-12-20,3.03,9.21,2.45,WIN
OCDI,REAL_ESTATE,early,NEUTRAL,2022-12-18,15.6,14.97,17.09,3,False,25.75,2022-12-21,14.97,-4.61,1.0,LOSS
JUFO,SERVICES,early,NEUTRAL,2022-12-19,7.75,7.44,8.49,2,False,22.72,2022-12-21,8.49,8.97,2.39,WIN
FWRY,SERVICES,early,NEUTRAL,2022-12-19,5.22,5.01,5.72,4,False,20.33,2022-12-25,5.01,-4.6,1.0,LOSS
ISPH,ENERGY,early,NEUTRAL,2022-12-29,2.12,2.03,2.32,3,False,25.8,2023-01-04,2.03,-4.82,1.0,LOSS
EGTS,SERVICES,early,NEUTRAL,2023-01-02,2.02,1.97,2.21,2,False,25.25,2023-01-04,1.97,-3.05,1.0,LOSS
EAST,ENERGY,early,BULL,2022-12-14,10.78,10.35,11.81,15,False,22.07,2023-01-05,11.81,8.98,2.4,WIN
EGTS,SERVICES,ultra,BULL,2023-01-04,2.07,1.99,2.27,3,False,27.99,2023-01-10,1.99,-4.44,1.0,LOSS
ORWE,SERVICES,ultra,BULL,2023-01-04,9.09,8.86,9.96,3,False,21.08,2023-01-10,8.86,-3.11,1.0,LOSS
OCDI,REAL_ESTATE,early,NEUTRAL,2023-01-05,15.72,15.09,17.22,2,False,23.32,2023-01-10,15.09,-4.58,1.0,LOSS
CIEB,BANKS,early,NEUTRAL,2023-01-05,7.63,7.43,8.35,3,False,24.77,2023-01-11,7.43,-3.2,1.0,LOSS
COMI,BANKS,early,NEUTRAL,2023-01-10,41.57,39.9,45.53,2,False,27.17,2023-01-12,39.9,-4.59,1.0,LOSS
EAST,ENERGY,early,NEUTRAL,2023-01-10,11.67,11.2,12.79,4,False,25.32,2023-01-16,12.79,9.02,2.38,WIN
EGTS,SERVICES,early,NEUTRAL,2023-01-19,2.21,2.12,2.42,2,False,21.48,2023-01-23,2.12,-4.65,1.0,LOSS
CIEB,BANKS,early,NEUTRAL,2023-01-12,7.28,6.99,7.97,9,False,21.24,2023-01-25,7.97,8.9,2.38,WIN
JUFO,SERVICES,early,NEUTRAL,2023-01-22,9.06,8.69,9.92,4,False,26.71,2023-01-29,9.92,8.92,2.32,WIN
PHDC,REAL_ESTATE,early,NEUTRAL,2023-01-19,2.15,2.1,2.36,6,False,25.68,2023-01-30,2.36,9.19,4.2,WIN
HRHO,SERVICES,early,NEUTRAL,2023-01-29,16.11,15.71,17.65,1,False,24.27,2023-01-30,15.71,-3.06,1.0,LOSS
ORWE,SERVICES,early,NEUTRAL,2023-01-25,9.53,9.24,10.44,3,False,25.43,2023-01-31,9.24,-3.62,1.0,LOSS
HRHO,SERVICES,early,NEUTRAL,2023-01-30,15.64,15.01,17.13,1,False,23.27,2023-01-31,15.01,-4.6,1.0,LOSS
ADIB,BANKS,early,NEUTRAL,2023-01-31,18.13,17.4,19.86,1,False,23.48,2023-02-01,17.4,-4.6,1.0,LOSS
ORWE,SERVICES,early,NEUTRAL,2023-02-01,9.8,9.51,10.74,1,False,23.97,2023-02-02,9.51,-3.53,1.0,LOSS
ETEL,SERVICES,ultra,NEUTRAL,2023-01-30,22.6,21.91,24.75,4,False,28.77,2023-02-05,21.91,-3.63,1.0,LOSS
EAST,ENERGY,early,NEUTRAL,2023-01-16,12.79,12.27,14.01,15,False,20.57,2023-02-07,13.767878532409668,7.07,1.88,EXIT
PHDC,REAL_ESTATE,early,NEUTRAL,2023-02-09,2.2,2.13,2.41,1,False,22.2,2023-02-12,2.13,-3.76,1.0,LOSS
SKPC,INDUSTRIAL,early,NEUTRAL,2023-02-09,13.52,13.19,14.82,4,False,20.36,2023-02-15,14.82,9.04,3.94,WIN
KZPC,INDUSTRIAL,early,NEUTRAL,2023-02-12,4.29,4.12,4.7,4,False,20.0,2023-02-16,4.7,8.98,2.41,WIN
SWDY,ENERGY,early,NEUTRAL,2023-02-13,12.46,12.08,13.64,3,False,22.9,2023-02-16,13.64,8.9,3.11,WIN
HELI,REAL_ESTATE,early,NEUTRAL,2023-02-15,9.73,9.34,10.66,2,False,26.03,2023-02-19,9.34,-4.58,1.0,LOSS
SWDY,ENERGY,early,NEUTRAL,2023-02-16,13.57,13.16,14.86,2,False,23.78,2023-02-20,13.16,-3.6,1.0,LOSS
ESRS,INDUSTRIAL,early,NEUTRAL,2023-02-14,26.88,25.8,29.45,5,False,22.48,2023-02-21,25.8,-4.59,1.0,LOSS
HRHO,SERVICES,early,NEUTRAL,2023-02-13,15.77,15.29,17.27,7,False,28.85,2023-02-22,15.29,-3.62,1.0,LOSS
SWDY,ENERGY,early,NEUTRAL,2023-02-21,12.91,12.52,14.14,1,False,21.61,2023-02-22,12.52,-3.6,1.0,LOSS
KZPC,INDUSTRIAL,early,NEUTRAL,2023-02-21,4.53,4.34,4.96,3,False,20.83,2023-02-26,4.96,8.92,2.26,WIN
KZPC,INDUSTRIAL,early,NEUTRAL,2023-02-26,4.9,4.7,5.37,1,False,23.74,2023-02-27,5.37,9.02,2.35,WIN
SAUD,BANKS,early,NEUTRAL,2023-02-20,8.4,8.06,9.2,9,False,22.26,2023-03-05,8.06,-4.62,1.0,LOSS
ETEL,SERVICES,ultra,NEUTRAL,2023-02-28,22.66,21.98,24.83,4,False,30.04,2023-03-06,24.83,9.0,3.19,WIN
EAST,ENERGY,early,NEUTRAL,2023-03-02,13.66,13.25,14.97,3,False,21.09,2023-03-07,13.25,-3.58,1.0,LOSS
ETEL,SERVICES,ultra,NEUTRAL,2023-03-06,23.26,22.55,25.48,1,False,29.74,2023-03-07,22.55,-3.63,1.0,LOSS
SWDY,ENERGY,early,NEUTRAL,2023-03-06,13.58,13.17,14.87,1,False,20.2,2023-03-07,13.17,-3.59,1.0,LOSS
CIEB,BANKS,ultra,NEUTRAL,2023-03-02,8.17,7.92,8.95,4,False,25.0,2023-03-08,7.92,-3.63,1.0,LOSS
ESRS,INDUSTRIAL,early,NEUTRAL,2023-02-28,28.7,27.97,31.44,8,False,24.42,2023-03-12,27.97,-3.12,1.0,LOSS
ETEL,SERVICES,buy,NEUTRAL,2023-03-08,23.26,22.56,25.49,2,False,25.34,2023-03-12,22.56,-3.58,1.0,LOSS
EGTS,SERVICES,early,NEUTRAL,2023-03-09,2.05,2.0,2.25,1,False,24.14,2023-03-12,2.0,-3.01,1.0,LOSS
EGTS,SERVICES,early,NEUTRAL,2023-03-12,1.99,1.93,2.18,1,False,31.95,2023-03-13,1.93,-3.59,1.0,LOSS
SWDY,ENERGY,early,NEUTRAL,2023-03-22,12.16,11.79,13.32,2,False,21.2,2023-03-26,13.32,8.96,3.14,WIN
SKPC,INDUSTRIAL,early,NEUTRAL,2023-03-22,14.65,14.06,16.05,2,False,20.46,2023-03-26,16.05,8.98,2.37,WIN
SWDY,ENERGY,ultra,NEUTRAL,2023-03-26,13.2,12.8,14.46,1,False,28.33,2023-03-27,12.8,-3.61,1.0,LOSS
JUFO,SERVICES,early,BULL,2023-03-27,9.86,9.61,10.8,2,False,38.09,2023-03-29,10.8,8.96,3.76,WIN
HELI,REAL_ESTATE,early,BULL,2023-03-29,8.4,8.19,9.2,1,False,36.88,2023-03-30,8.19,-3.07,1.0,LOSS
ABUK,ENERGY,ultra,NEUTRAL,2023-03-26,29.51,28.62,32.33,5,False,24.25,2023-04-02,32.33,8.98,3.17,WIN
SWDY,ENERGY,early,NEUTRAL,2023-03-28,14.15,13.73,15.51,4,False,33.9,2023-04-03,15.51,9.04,3.24,WIN
HELI,REAL_ESTATE,early,BULL,2023-03-30,8.18,7.85,8.96,3,False,32.42,2023-04-04,8.96,8.96,2.36,WIN
JUFO,SERVICES,early,BULL,2023-03-30,10.6,10.17,11.61,5,False,33.75,2023-04-06,11.61,8.95,2.35,WIN
ADIB,BANKS,early,NEUTRAL,2023-04-03,16.08,15.67,17.61,3,False,32.76,2023-04-06,15.67,-3.12,1.0,LOSS
CIEB,BANKS,early,NEUTRAL,2023-04-05,7.67,7.48,8.41,2,False,32.25,2023-04-09,7.48,-3.05,1.0,LOSS
CIEB,BANKS,early,NEUTRAL,2023-04-09,7.42,7.13,8.13,5,False,32.04,2023-04-18,8.13,8.99,2.45,WIN
COMI,BANKS,ultra,NEUTRAL,2023-04-18,52.42,50.84,57.43,2,False,29.35,2023-04-26,50.84,-3.59,1.0,LOSS
FWRY,SERVICES,early,NEUTRAL,2023-04-02,5.65,5.42,6.19,15,False,31.57,2023-05-01,5.849999904632568,2.96,0.87,EXIT
ETEL,SERVICES,ultra,NEUTRAL,2023-04-13,22.42,21.75,24.56,7,False,25.0,2023-05-02,21.75,-3.56,1.0,LOSS
PHDC,REAL_ESTATE,early,NEUTRAL,2023-04-10,2.02,1.94,2.21,11,False,25.84,2023-05-03,1.94,-4.54,1.0,LOSS
CIEB,BANKS,early,NEUTRAL,2023-04-18,8.09,7.84,8.86,13,False,25.7,2023-05-14,8.86,8.94,3.08,WIN
TMGH,REAL_ESTATE,ultra,NEUTRAL,2023-04-26,9.05,8.77,9.91,13,False,28.55,2023-05-16,8.77,-3.67,1.0,LOSS
SKPC,INDUSTRIAL,early,NEUTRAL,2023-05-10,21.46,20.92,23.51,4,False,21.03,2023-05-16,20.92,-3.09,1.0,LOSS
ADIB,BANKS,early,NEUTRAL,2023-05-14,19.42,18.64,21.27,4,False,23.52,2023-05-18,18.64,-4.59,1.0,LOSS
EAST,ENERGY,buy,NEUTRAL,2023-05-21,13.12,12.79,14.38,1,False,21.56,2023-05-22,12.79,-3.09,1.0,LOSS
CIEB,BANKS,early,NEUTRAL,2023-05-17,9.44,9.06,10.34,6,False,20.64,2023-05-25,10.34,8.96,2.37,WIN
EAST,ENERGY,early,NEUTRAL,2023-05-22,12.72,12.34,13.93,3,False,24.21,2023-05-25,13.93,8.94,3.18,WIN
ISPH,ENERGY,early,NEUTRAL,2023-05-22,2.16,2.07,2.37,3,False,24.09,2023-05-25,2.07,-4.74,1.0,LOSS
HRHO,SERVICES,buy,NEUTRAL,2023-05-07,14.26,13.83,15.63,15,False,22.16,2023-05-28,14.84799861907959,3.55,1.37,EXIT
EAST,ENERGY,early,NEUTRAL,2023-05-25,13.4,13.0,14.68,3,False,23.49,2023-05-30,14.68,8.98,3.2,WIN
ETEL,SERVICES,ultra,NEUTRAL,2023-05-28,22.14,21.47,24.25,8,False,25.0,2023-06-07,24.25,8.96,3.15,WIN
SAUD,BANKS,ultra,NEUTRAL,2023-05-30,7.54,7.31,8.26,10,False,20.58,2023-06-13,8.26,8.97,3.13,WIN
EGTS,SERVICES,early,NEUTRAL,2023-05-24,2.5,2.4,2.74,15,False,22.35,2023-06-14,2.490000009536743,-0.97,0.1,EXIT
TMGH,REAL_ESTATE,ultra,NEUTRAL,2023-05-29,9.08,8.81,9.95,15,False,29.69,2023-06-19,8.81,-3.55,1.0,LOSS
FWRY,SERVICES,ultra,NEUTRAL,2023-05-30,5.78,5.61,6.33,15,False,25.0,2023-06-20,5.820000171661377,0.12,0.24,EXIT
AMOC,INDUSTRIAL,ultra,BULL,2023-06-13,6.56,6.36,7.18,6,False,24.05,2023-06-21,6.36,-3.62,1.0,LOSS
PHDC,REAL_ESTATE,early,NEUTRAL,2023-06-07,2.09,2.03,2.29,12,False,24.48,2023-06-25,2.03,-3.45,1.0,LOSS
OCDI,REAL_ESTATE,early,NEUTRAL,2023-06-20,19.76,18.97,21.65,5,False,20.93,2023-07-04,18.97,-4.57,1.0,LOSS
SAUD,BANKS,early,NEUTRAL,2023-06-14,7.75,7.44,8.49,10,False,30.43,2023-07-05,7.44,-4.57,1.0,LOSS
JUFO,SERVICES,buy,NEUTRAL,2023-06-19,11.96,11.6,13.1,15,False,25.06,2023-07-17,13.1,8.96,3.17,WIN
ADIB,BANKS,early,NEUTRAL,2023-06-21,18.68,17.93,20.46,15,False,25.95,2023-07-19,18.991666793823242,1.09,0.42,EXIT
ESRS,INDUSTRIAL,ultra,NEUTRAL,2023-07-10,38.8,37.63,42.51,8,False,25.88,2023-07-24,37.63,-3.59,1.0,LOSS
EGTS,SERVICES,early,NEUTRAL,2023-07-11,2.65,2.57,2.9,8,False,24.09,2023-07-25,2.57,-3.59,1.0,LOSS
ORWE,SERVICES,ultra,NEUTRAL,2023-07-17,13.01,12.62,14.25,6,False,23.31,2023-07-27,12.62,-3.57,1.0,LOSS
KZPC,INDUSTRIAL,early,NEUTRAL,2023-07-19,5.51,5.29,6.04,5,False,30.57,2023-07-30,5.29,-4.57,1.0,LOSS
HRHO,SERVICES,early,NEUTRAL,2023-07-30,16.52,16.02,18.09,3,False,28.18,2023-08-02,16.02,-3.6,1.0,LOSS
ABUK,ENERGY,ultra,NEUTRAL,2023-07-12,33.54,32.53,36.75,15,False,25.0,2023-08-06,34.32844161987305,1.78,0.78,EXIT
HELI,REAL_ESTATE,ultra,NEUTRAL,2023-08-02,9.84,9.55,10.78,2,False,26.08,2023-08-06,10.78,8.98,3.24,WIN
ESRS,INDUSTRIAL,ultra,BULL,2023-08-06,41.29,40.05,45.24,3,False,27.9,2023-08-09,45.24,8.99,3.19,WIN
TMGH,REAL_ESTATE,early,NEUTRAL,2023-07-24,9.01,8.73,9.87,15,False,22.82,2023-08-14,9.398102760314941,3.73,1.39,EXIT
SAUD,BANKS,early,NEUTRAL,2023-07-25,7.59,7.28,8.31,15,False,29.79,2023-08-15,7.793262004852295,2.1,0.66,EXIT
COMI,BANKS,early,BULL,2023-07-27,49.14,47.66,53.83,15,False,32.61,2023-08-17,50.94862747192383,3.11,1.22,EXIT
CIEB,BANKS,ultra,NEUTRAL,2023-08-17,11.94,11.64,13.08,3,False,24.8,2023-08-22,11.64,-3.09,1.0,LOSS
ORWE,SERVICES,ultra,BULL,2023-08-06,13.29,12.89,14.56,15,False,25.0,2023-08-27,13.268087387084961,-0.74,0.05,EXIT
SWDY,ENERGY,ultra,NEUTRAL,2023-08-09,18.94,18.37,20.75,12,False,29.13,2023-08-27,20.75,8.98,3.18,WIN
EAST,ENERGY,early,NEUTRAL,2023-08-27,14.88,14.28,16.3,5,False,29.69,2023-09-03,16.3,8.97,2.37,WIN
KZPC,INDUSTRIAL,ultra,NEUTRAL,2023-08-14,5.48,5.31,6.0,15,False,33.1,2023-09-04,5.711404323577881,3.65,1.36,EXIT
PHDC,REAL_ESTATE,ultra,NEUTRAL,2023-08-28,2.01,1.95,2.2,5,False,32.8,2023-09-04,1.95,-3.56,1.0,LOSS
ABUK,ENERGY,early,NEUTRAL,2023-08-16,35.51,34.44,38.9,15,False,20.66,2023-09-06,37.98194122314453,6.39,2.31,EXIT
SAUD,BANKS,early,NEUTRAL,2023-08-22,8.03,7.83,8.8,15,False,28.85,2023-09-12,8.741844177246094,8.29,3.56,EXIT
ORWE,SERVICES,early,NEUTRAL,2023-09-04,14.34,13.91,15.71,11,False,26.4,2023-09-19,13.91,-3.57,1.0,LOSS
KZPC,INDUSTRIAL,early,NEUTRAL,2023-09-06,6.01,5.77,6.58,9,False,24.33,2023-09-19,6.58,8.91,2.37,WIN
ETEL,SERVICES,early,NEUTRAL,2023-09-07,25.93,25.28,28.4,12,False,29.28,2023-09-25,28.4,8.95,3.8,WIN
AMOC,INDUSTRIAL,early,NEUTRAL,2023-09-10,6.56,6.36,7.18,11,False,25.21,2023-09-25,7.18,8.88,3.1,WIN
ADIB,BANKS,ultra,NEUTRAL,2023-09-19,19.92,19.32,21.82,4,False,29.94,2023-09-25,21.82,8.96,3.17,WIN
PHDC,REAL_ESTATE,ultra,NEUTRAL,2023-09-12,1.99,1.93,2.19,10,False,25.0,2023-09-26,2.19,9.48,3.33,WIN
ESRS,INDUSTRIAL,early,BULL,2023-09-26,53.33,51.19,58.42,3,False,24.86,2023-10-02,51.19,-4.59,1.0,LOSS
SWDY,ENERGY,early,BULL,2023-09-26,22.71,21.8,24.88,3,False,21.48,2023-10-02,21.8,-4.58,1.0,LOSS
CIEB,BANKS,buy,BULL,2023-09-25,12.08,11.72,13.23,5,False,20.62,2023-10-03,11.72,-3.56,1.0,LOSS
PHDC,REAL_ESTATE,early,NEUTRAL,2023-09-27,2.08,2.0,2.28,5,False,25.88,2023-10-08,2.0,-4.42,1.0,LOSS
SWDY,ENERGY,early,BULL,2023-10-02,22.14,21.25,24.25,3,False,22.91,2023-10-08,21.25,-4.59,1.0,LOSS
KZPC,INDUSTRIAL,early,BULL,2023-10-08,6.51,6.24,7.13,5,False,22.75,2023-10-15,7.13,8.95,2.3,WIN
ESRS,INDUSTRIAL,early,BULL,2023-10-11,55.81,54.41,61.14,2,False,25.57,2023-10-15,61.14,8.98,3.81,WIN
MFPC,ENERGY,early,BULL,2023-10-11,317.59,309.61,347.91,2,False,21.61,2023-10-15,347.91,8.97,3.8,WIN
CIEB,BANKS,early,NEUTRAL,2023-10-12,12.42,12.11,13.61,2,False,30.83,2023-10-16,13.61,9.01,3.84,WIN
SWDY,ENERGY,early,BULL,2023-10-15,23.56,22.85,25.81,2,False,23.55,2023-10-17,25.81,8.98,3.17,WIN
ORWE,SERVICES,early,BULL,2023-10-16,14.07,13.5,15.41,1,False,33.41,2023-10-17,15.41,8.95,2.35,WIN
ETEL,SERVICES,early,BULL,2023-10-16,27.05,25.96,29.63,2,False,36.26,2023-10-18,29.63,8.96,2.37,WIN
AMOC,INDUSTRIAL,early,BULL,2023-10-17,7.56,7.37,8.28,3,False,31.14,2023-10-22,8.28,8.95,3.79,WIN
COMI,BANKS,early,BULL,2023-10-08,57.61,55.29,63.11,12,False,23.23,2023-10-24,55.29,-4.6,1.0,LOSS
ORWE,SERVICES,early,BULL,2023-10-18,15.29,14.67,16.75,5,False,34.0,2023-10-25,16.75,8.97,2.35,WIN
ISPH,ENERGY,early,BULL,2023-10-24,2.08,2.0,2.28,1,False,28.61,2023-10-25,2.28,9.04,2.5,WIN
PHDC,REAL_ESTATE,early,BULL,2023-10-23,2.13,2.04,2.33,3,False,26.23,2023-10-26,2.33,8.81,2.22,WIN
ISPH,ENERGY,early,BULL,2023-10-25,2.26,2.2,2.47,1,False,33.04,2023-10-26,2.2,-3.23,1.0,LOSS
HRHO,SERVICES,early,NEUTRAL,2023-10-19,15.76,15.13,17.27,6,False,30.46,2023-10-29,17.27,9.01,2.4,WIN
ISPH,ENERGY,early,BULL,2023-10-26,2.2,2.11,2.41,2,False,33.01,2023-10-30,2.41,8.97,2.33,WIN
HELI,REAL_ESTATE,early,BULL,2023-10-26,10.91,10.47,11.95,4,False,35.55,2023-11-01,10.47,-4.61,1.0,LOSS
EAST,ENERGY,early,NEUTRAL,2023-10-31,22.23,21.34,24.35,1,False,22.8,2023-11-01,21.34,-4.58,1.0,LOSS
JUFO,SERVICES,early,BULL,2023-10-18,13.21,12.68,14.47,11,False,34.68,2023-11-02,14.47,8.96,2.38,WIN
PHDC,REAL_ESTATE,early,NEUTRAL,2023-10-30,2.46,2.36,2.69,3,False,24.21,2023-11-02,2.69,8.77,2.3,WIN
COMI,BANKS,early,NEUTRAL,2023-11-01,58.66,56.89,64.26,5,False,25.61,2023-11-08,64.26,8.97,3.16,WIN
FWRY,SERVICES,early,NEUTRAL,2023-11-07,5.57,5.4,6.1,2,False,25.25,2023-11-09,5.4,-3.63,1.0,LOSS
HELI,REAL_ESTATE,early,NEUTRAL,2023-11-01,10.69,10.26,11.71,7,False,30.69,2023-11-12,10.26,-4.6,1.0,LOSS
JUFO,SERVICES,early,NEUTRAL,2023-11-06,14.1,13.53,15.44,4,False,22.79,2023-11-12,13.53,-4.62,1.0,LOSS
EGTS,SERVICES,early,NEUTRAL,2023-11-09,4.28,4.15,4.69,5,False,21.05,2023-11-16,4.69,9.0,3.15,WIN
OCDI,REAL_ESTATE,early,NEUTRAL,2023-11-15,21.83,20.95,23.91,3,False,23.61,2023-11-20,20.95,-4.61,1.0,LOSS
EGTS,SERVICES,early,NEUTRAL,2023-11-16,4.6,4.41,5.04,3,False,21.8,2023-11-21,4.41,-4.71,1.0,LOSS
JUFO,SERVICES,early,NEUTRAL,2023-11-21,14.2,13.63,15.56,2,False,21.99,2023-11-23,15.56,9.0,2.39,WIN
OCDI,REAL_ESTATE,early,NEUTRAL,2023-11-20,22.49,21.58,24.63,5,False,21.54,2023-11-27,24.63,8.94,2.35,WIN
ISPH,ENERGY,early,NEUTRAL,2023-11-23,2.57,2.47,2.82,3,False,22.77,2023-11-28,2.82,9.15,2.5,WIN
MFPC,ENERGY,early,NEUTRAL,2023-11-26,507.24,486.85,555.68,2,False,21.4,2023-11-28,486.85,-4.59,1.0,LOSS
ORWE,SERVICES,early,NEUTRAL,2023-11-27,16.56,15.9,18.14,2,False,22.35,2023-11-29,15.9,-4.56,1.0,LOSS
FWRY,SERVICES,ultra,NEUTRAL,2023-11-22,5.21,5.06,5.71,9,False,30.26,2023-12-05,5.71,9.02,3.33,WIN
JUFO,SERVICES,early,NEUTRAL,2023-11-28,15.5,14.88,16.98,7,False,22.74,2023-12-07,14.88,-4.57,1.0,LOSS
ETEL,SERVICES,early,NEUTRAL,2023-12-05,34.18,32.8,37.44,2,False,21.52,2023-12-07,32.8,-4.61,1.0,LOSS
PHDC,REAL_ESTATE,early,NEUTRAL,2023-12-07,3.05,2.98,3.35,1,False,20.24,2023-12-10,2.98,-2.87,1.0,LOSS
AMOC,INDUSTRIAL,early,NEUTRAL,2023-11-20,8.24,7.91,9.03,15,False,24.59,2023-12-11,7.91,-4.58,1.0,LOSS
ORWE,SERVICES,early,NEUTRAL,2023-11-29,15.63,15.01,17.13,8,False,21.52,2023-12-11,15.01,-4.54,1.0,LOSS
EAST,ENERGY,early,NEUTRAL,2023-12-13,24.13,23.53,26.44,2,False,23.53,2023-12-17,23.53,-3.06,1.0,LOSS
HELI,REAL_ESTATE,early,NEUTRAL,2023-12-11,10.33,10.02,11.31,5,False,26.69,2023-12-18,11.31,8.91,3.16,WIN
JUFO,SERVICES,early,NEUTRAL,2023-12-17,16.54,16.12,18.11,1,False,21.58,2023-12-18,18.11,8.92,3.74,WIN
ESRS,INDUSTRIAL,ultra,NEUTRAL,2023-12-17,76.65,74.34,83.97,2,False,21.19,2023-12-19,83.97,8.97,3.17,WIN
KZPC,INDUSTRIAL,ultra,NEUTRAL,2023-12-18,7.31,7.09,8.01,3,False,23.04,2023-12-21,7.09,-3.58,1.0,LOSS
FWRY,SERVICES,early,NEUTRAL,2023-12-10,5.82,5.65,6.38,11,False,25.65,2023-12-25,5.65,-3.5,1.0,LOSS
ABUK,ENERGY,ultra,BULL,2023-12-19,60.77,58.94,66.58,4,False,28.04,2023-12-25,58.94,-3.59,1.0,LOSS
ETEL,SERVICES,early,NEUTRAL,2023-12-07,32.93,31.61,36.08,15,False,27.72,2023-12-28,33.65868377685547,1.64,0.55,EXIT
EAST,ENERGY,buy,NEUTRAL,2023-12-27,22.62,21.94,24.78,2,False,22.64,2023-12-31,24.78,8.97,3.18,WIN
MFPC,ENERGY,ultra,NEUTRAL,2023-12-18,450.07,436.5,493.04,10,False,22.5,2024-01-02,436.5,-3.59,1.0,LOSS
KZPC,INDUSTRIAL,ultra,NEUTRAL,2023-12-28,7.33,7.11,8.03,5,False,28.07,2024-01-08,8.03,8.97,3.18,WIN
EAST,ENERGY,early,NEUTRAL,2024-01-02,26.2,25.41,28.7,6,False,27.22,2024-01-11,25.41,-3.59,1.0,LOSS
TMGH,REAL_ESTATE,early,NEUTRAL,2023-12-21,23.97,23.01,26.26,15,False,26.37,2024-01-15,25.101261138916016,4.14,1.18,EXIT
SWDY,ENERGY,ultra,NEUTRAL,2023-12-31,28.17,27.32,30.86,10,False,24.89,2024-01-16,30.86,8.97,3.16,WIN
SKPC,INDUSTRIAL,early,NEUTRAL,2023-12-31,27.05,26.38,29.64,10,False,30.62,2024-01-16,29.64,9.0,3.87,WIN
FWRY,SERVICES,ultra,NEUTRAL,2024-01-16,5.75,5.58,6.3,1,False,24.29,2024-01-17,5.58,-3.53,1.0,LOSS
SAUD,BANKS,early,NEUTRAL,2024-01-15,12.8,12.48,14.02,3,False,26.15,2024-01-18,14.02,8.96,3.81,WIN
SKPC,INDUSTRIAL,early,NEUTRAL,2024-01-16,29.33,28.44,32.13,2,False,26.4,2024-01-18,32.13,8.97,3.15,WIN
JUFO,SERVICES,early,NEUTRAL,2024-01-11,16.6,15.94,18.19,7,False,28.43,2024-01-22,18.19,9.0,2.41,WIN
OCDI,REAL_ESTATE,early,NEUTRAL,2024-01-18,24.72,24.09,27.08,3,False,26.04,2024-01-23,24.09,-3.12,1.0,LOSS
ORWE,SERVICES,early,BULL,2024-01-22,17.36,16.66,19.02,1,False,26.85,2024-01-23,19.02,8.99,2.37,WIN
OCDI,REAL_ESTATE,early,NEUTRAL,2024-01-23,23.52,22.58,25.77,2,False,26.32,2024-01-28,25.77,8.99,2.39,WIN
ORWE,SERVICES,early,NEUTRAL,2024-01-23,17.97,17.25,19.69,2,False,24.69,2024-01-28,19.69,9.0,2.39,WIN
COMI,BANKS,ultra,BULL,2024-01-17,72.09,69.92,78.98,7,False,29.55,2024-01-29,78.98,8.98,3.18,WIN
HRHO,SERVICES,ultra,NEUTRAL,2024-01-08,17.17,16.66,18.81,15,False,23.33,2024-01-30,18.81,8.98,3.22,WIN
AMOC,INDUSTRIAL,early,BULL,2024-01-28,9.26,8.98,10.14,2,False,23.58,2024-01-30,8.98,-3.6,1.0,LOSS
ETEL,SERVICES,early,NEUTRAL,2024-01-18,35.53,34.1,38.92,8,False,21.88,2024-01-31,34.1,-4.6,1.0,LOSS
AMOC,INDUSTRIAL,early,BULL,2024-01-30,8.8,8.45,9.64,1,False,24.01,2024-01-31,8.45,-4.55,1.0,LOSS
HRHO,SERVICES,early,BULL,2024-01-31,18.01,17.47,19.73,1,False,27.67,2024-02-01,17.47,-3.57,1.0,LOSS
ORWE,SERVICES,early,BULL,2024-01-31,20.84,20.01,22.84,1,False,26.97,2024-02-01,20.01,-4.56,1.0,LOSS
SWDY,ENERGY,early,NEUTRAL,2024-02-01,32.53,31.23,35.64,1,False,24.19,2024-02-04,31.23,-4.57,1.0,LOSS
ORWE,SERVICES,early,NEUTRAL,2024-02-01,21.37,20.51,23.41,1,False,23.88,2024-02-04,20.51,-4.6,1.0,LOSS
ABUK,ENERGY,early,NEUTRAL,2024-02-04,71.14,68.28,77.93,2,False,21.08,2024-02-06,68.28,-4.6,1.0,LOSS
CNFN,BANKS,early,NEUTRAL,2024-02-05,3.88,3.78,4.25,1,False,24.92,2024-02-06,4.25,8.96,3.7,WIN
PHDC,REAL_ESTATE,early,NEUTRAL,2024-02-05,3.59,3.45,3.93,1,False,20.88,2024-02-06,3.45,-4.47,1.0,LOSS
SKPC,INDUSTRIAL,early,NEUTRAL,2024-02-04,34.96,33.55,38.29,3,False,20.88,2024-02-07,38.29,8.95,2.36,WIN
ISPH,ENERGY,early,BULL,2024-02-06,3.36,3.22,3.68,1,False,33.58,2024-02-07,3.22,-4.74,1.0,LOSS
JUFO,SERVICES,early,BULL,2024-02-06,18.2,17.46,19.93,5,False,21.02,2024-02-13,19.93,8.93,2.34,WIN
ISPH,ENERGY,early,NEUTRAL,2024-02-07,3.19,3.06,3.49,4,False,29.89,2024-02-13,3.49,8.83,2.31,WIN
OCDI,REAL_ESTATE,early,NEUTRAL,2024-02-08,26.66,25.58,29.2,3,False,26.74,2024-02-13,29.2,8.95,2.35,WIN
HELI,REAL_ESTATE,ultra,NEUTRAL,2024-02-07,10.16,9.86,11.13,8,False,31.8,2024-02-19,11.13,8.97,3.23,WIN
FWRY,SERVICES,early,NEUTRAL,2024-02-13,5.65,5.51,6.19,8,False,24.94,2024-02-25,5.51,-3.05,1.0,LOSS
COMI,BANKS,early,NEUTRAL,2024-02-14,78.72,76.74,86.24,7,False,24.33,2024-02-25,76.74,-3.09,1.0,LOSS
AMOC,INDUSTRIAL,early,NEUTRAL,2024-02-19,8.19,7.86,8.97,4,False,26.57,2024-02-25,7.86,-4.6,1.0,LOSS
HELI,REAL_ESTATE,early,NEUTRAL,2024-02-19,11.51,11.17,12.61,4,False,26.33,2024-02-25,11.17,-3.53,1.0,LOSS
KZPC,INDUSTRIAL,ultra,NEUTRAL,2024-02-20,8.47,8.22,9.28,3,False,22.48,2024-02-25,8.22,-3.53,1.0,LOSS
EAST,ENERGY,ultra,BULL,2024-02-25,27.89,27.05,30.56,2,False,28.02,2024-02-27,30.56,9.0,3.18,WIN
SWDY,ENERGY,buy,BULL,2024-02-26,32.31,31.34,35.39,1,False,21.27,2024-02-27,35.39,8.96,3.18,WIN
EAST,ENERGY,buy,NEUTRAL,2024-02-27,28.76,27.9,31.51,2,False,24.67,2024-02-29,27.9,-3.57,1.0,LOSS
HELI,REAL_ESTATE,early,BULL,2024-02-25,10.88,10.44,11.92,6,False,24.44,2024-03-04,11.92,8.98,2.36,WIN
SWDY,ENERGY,ultra,NEUTRAL,2024-02-28,33.71,32.69,36.93,4,False,27.25,2024-03-05,36.93,8.98,3.16,WIN
COMI,BANKS,buy,NEUTRAL,2024-03-05,72.97,70.77,79.94,1,False,21.77,2024-03-06,79.94,8.98,3.17,WIN
ESRS,INDUSTRIAL,buy,NEUTRAL,2024-03-05,77.51,74.39,84.91,1,False,21.33,2024-03-06,74.39,-4.6,1.0,LOSS
HRHO,SERVICES,ultra,BULL,2024-03-06,20.05,19.44,21.96,2,False,32.69,2024-03-10,21.96,8.95,3.13,WIN
COMI,BANKS,early,NEUTRAL,2024-03-07,79.69,77.29,87.3,2,False,32.71,2024-03-11,87.3,8.97,3.17,WIN
CIEB,BANKS,early,NEUTRAL,2024-03-10,21.3,20.45,23.34,1,False,27.36,2024-03-11,23.34,9.0,2.4,WIN
HELI,REAL_ESTATE,early,BULL,2024-03-06,11.28,10.83,12.36,4,False,29.3,2024-03-12,10.83,-4.56,1.0,LOSS
SAUD,BANKS,early,BULL,2024-03-11,15.13,14.52,16.57,1,False,24.77,2024-03-12,14.52,-4.61,1.0,LOSS
CIEB,BANKS,early,BULL,2024-03-11,21.79,20.91,23.87,2,False,26.64,2024-03-13,20.91,-4.61,1.0,LOSS
SAUD,BANKS,early,NEUTRAL,2024-03-12,14.62,14.03,16.02,1,False,26.05,2024-03-13,14.03,-4.61,1.0,LOSS
COMI,BANKS,early,NEUTRAL,2024-03-12,90.26,87.99,98.88,1,False,25.36,2024-03-13,87.99,-3.09,1.0,LOSS
JUFO,SERVICES,early,NEUTRAL,2024-03-14,21.7,20.83,23.77,1,False,24.59,2024-03-17,20.83,-4.58,1.0,LOSS
SAUD,BANKS,early,NEUTRAL,2024-03-13,13.49,12.95,14.78,3,False,24.3,2024-03-18,12.95,-4.58,1.0,LOSS
JUFO,SERVICES,early,NEUTRAL,2024-03-17,21.5,20.64,23.56,1,False,22.68,2024-03-18,20.64,-4.57,1.0,LOSS
JUFO,SERVICES,early,NEUTRAL,2024-03-18,20.49,19.67,22.45,1,False,20.88,2024-03-19,19.67,-4.58,1.0,LOSS
COMI,BANKS,early,NEUTRAL,2024-03-13,84.11,80.72,92.14,10,False,23.58,2024-03-27,80.72,-4.61,1.0,LOSS
EGTS,SERVICES,buy,NEUTRAL,2024-03-25,4.55,4.41,4.98,4,False,20.44,2024-03-31,4.41,-3.65,1.0,LOSS
TMGH,REAL_ESTATE,early,NEUTRAL,2024-04-01,64.32,62.71,70.46,2,False,22.99,2024-04-03,62.71,-3.08,1.0,LOSS
KZPC,INDUSTRIAL,buy,NEUTRAL,2024-04-02,7.56,7.33,8.28,1,False,20.38,2024-04-03,7.33,-3.62,1.0,LOSS
EGTS,SERVICES,ultra,NEUTRAL,2024-04-03,4.76,4.61,5.21,5,False,25.0,2024-04-16,5.21,8.88,3.0,WIN
SKPC,INDUSTRIAL,early,BEAR,2024-04-07,30.71,29.48,33.64,5,False,23.27,2024-04-18,29.48,-4.58,1.0,LOSS
AMOC,INDUSTRIAL,buy,BEAR,2024-04-07,6.69,6.42,7.33,5,False,22.86,2024-04-18,6.42,-4.61,1.0,LOSS
ABUK,ENERGY,buy,NEUTRAL,2024-04-08,55.7,54.02,61.02,4,False,27.14,2024-04-18,54.02,-3.59,1.0,LOSS
PHDC,REAL_ESTATE,ultra,NEUTRAL,2024-04-15,3.83,3.72,4.2,3,False,28.97,2024-04-18,4.2,9.09,3.36,WIN
ETEL,SERVICES,ultra,NEUTRAL,2024-04-16,35.07,34.01,38.42,2,False,25.0,2024-04-18,34.01,-3.6,1.0,LOSS
OCDI,REAL_ESTATE,ultra,NEUTRAL,2024-04-21,51.74,50.18,56.68,1,False,31.61,2024-04-22,50.18,-3.59,1.0,LOSS
PHDC,REAL_ESTATE,ultra,NEUTRAL,2024-04-18,3.84,3.72,4.21,3,False,33.27,2024-04-23,3.72,-3.7,1.0,LOSS
ETEL,SERVICES,ultra,NEUTRAL,2024-04-18,34.25,33.22,37.52,3,False,25.0,2024-04-23,33.22,-3.58,1.0,LOSS
ESRS,INDUSTRIAL,buy,NEUTRAL,2024-04-21,65.46,62.83,71.71,2,False,28.62,2024-04-23,62.83,-4.59,1.0,LOSS
OCDI,REAL_ESTATE,early,NEUTRAL,2024-04-22,51.51,49.96,56.43,1,False,27.86,2024-04-23,49.96,-3.58,1.0,LOSS
EGTS,SERVICES,early,BEAR,2024-04-23,5.37,5.16,5.89,1,False,20.31,2024-04-24,5.16,-4.49,1.0,LOSS
SWDY,ENERGY,ultra,NEUTRAL,2024-05-16,35.95,34.87,39.39,1,False,25.0,2024-05-19,39.39,8.99,3.19,WIN
ESRS,INDUSTRIAL,early,BULL,2024-05-19,68.64,65.88,75.19,2,False,28.08,2024-05-21,75.19,8.97,2.37,WIN
FAIT,BANKS,ultra,BULL,2024-05-19,29.4,28.52,32.21,3,False,29.92,2024-05-22,28.52,-3.57,1.0,LOSS
SKPC,INDUSTRIAL,early,NEUTRAL,2024-05-20,29.76,28.57,32.6,2,False,30.95,2024-05-22,28.57,-4.57,1.0,LOSS
ISPH,ENERGY,ultra,NEUTRAL,2024-05-21,2.51,2.44,2.75,1,False,22.36,2024-05-22,2.44,-3.36,1.0,LOSS
EAST,ENERGY,early,NEUTRAL,2024-05-30,23.33,22.74,25.56,1,False,32.45,2024-06-02,22.74,-3.1,1.0,LOSS
HELI,REAL_ESTATE,ultra,NEUTRAL,2024-05-22,9.37,9.09,10.27,8,False,29.02,2024-06-03,10.27,9.03,3.21,WIN
SKPC,INDUSTRIAL,early,NEUTRAL,2024-05-22,28.36,27.22,31.07,10,False,30.35,2024-06-05,27.22,-4.59,1.0,LOSS
ESRS,INDUSTRIAL,early,NEUTRAL,2024-05-23,75.17,72.15,82.35,9,False,27.41,2024-06-05,72.15,-4.59,1.0,LOSS
HRHO,SERVICES,early,NEUTRAL,2024-06-04,17.51,16.81,19.18,2,False,29.17,2024-06-06,16.81,-4.57,1.0,LOSS
JUFO,SERVICES,buy,NEUTRAL,2024-05-28,16.06,15.41,17.59,10,False,26.55,2024-06-11,17.59,8.95,2.35,WIN
HELI,REAL_ESTATE,early,NEUTRAL,2024-06-03,10.24,9.83,11.21,6,False,28.24,2024-06-11,9.83,-4.58,1.0,LOSS
PHDC,REAL_ESTATE,early,NEUTRAL,2024-06-06,3.77,3.66,4.13,3,False,22.84,2024-06-11,4.13,8.97,3.27,WIN
JUFO,SERVICES,early,NEUTRAL,2024-06-11,17.4,16.87,19.06,1,False,29.1,2024-06-12,16.87,-3.62,1.0,LOSS
HRHO,SERVICES,early,NEUTRAL,2024-06-06,16.91,16.23,18.53,6,False,25.09,2024-06-23,18.53,9.01,2.38,WIN
ESRS,INDUSTRIAL,early,NEUTRAL,2024-06-13,78.11,75.75,85.57,3,False,24.12,2024-06-25,85.57,8.98,3.16,WIN
CNFN,BANKS,ultra,NEUTRAL,2024-06-23,4.28,4.15,4.69,2,False,25.7,2024-06-25,4.15,-3.61,1.0,LOSS
JUFO,SERVICES,buy,NEUTRAL,2024-06-12,17.18,16.66,18.82,5,False,27.59,2024-06-26,18.82,8.97,3.15,WIN
PHDC,REAL_ESTATE,early,NEUTRAL,2024-06-11,4.1,3.93,4.49,9,False,24.72,2024-07-02,4.49,8.94,2.29,WIN
ISPH,ENERGY,early,NEUTRAL,2024-07-03,2.94,2.86,3.23,6,False,25.58,2024-07-14,2.86,-3.3,1.0,LOSS
OCDI,REAL_ESTATE,ultra,NEUTRAL,2024-06-23,43.92,42.6,48.11,15,False,30.49,2024-07-16,42.6,-3.58,1.0,LOSS
TMGH,REAL_ESTATE,early,NEUTRAL,2024-06-25,57.18,55.74,62.64,15,False,22.41,2024-07-18,59.35834503173828,3.23,1.51,EXIT
ETEL,SERVICES,ultra,NEUTRAL,2024-06-26,29.05,28.17,31.82,14,False,23.48,2024-07-18,31.82,8.96,3.15,WIN
EAST,ENERGY,ultra,NEUTRAL,2024-07-17,16.79,16.28,18.39,1,False,29.22,2024-07-18,18.39,8.95,3.14,WIN
FWRY,SERVICES,early,NEUTRAL,2024-06-27,6.47,6.3,7.09,15,False,37.25,2024-07-22,6.75,3.75,1.65,EXIT
EAST,ENERGY,buy,NEUTRAL,2024-07-18,17.75,17.22,19.45,9,False,30.47,2024-08-01,19.45,9.0,3.21,WIN
ETEL,SERVICES,early,NEUTRAL,2024-07-18,31.42,30.47,34.42,10,False,30.03,2024-08-04,30.47,-3.6,1.0,LOSS
HELI,REAL_ESTATE,ultra,NEUTRAL,2024-07-22,9.59,9.3,10.51,8,False,25.0,2024-08-04,9.3,-3.6,1.0,LOSS
EAST,ENERGY,early,NEUTRAL,2024-08-01,19.41,18.63,21.26,1,False,24.59,2024-08-04,18.63,-4.59,1.0,LOSS
KZPC,INDUSTRIAL,early,NEUTRAL,2024-07-17,6.68,6.48,7.32,12,False,24.86,2024-08-05,6.48,-3.57,1.0,LOSS
SKPC,INDUSTRIAL,ultra,NEUTRAL,2024-07-22,25.74,24.96,28.2,9,False,21.82,2024-08-05,24.96,-3.61,1.0,LOSS
ESRS,INDUSTRIAL,early,NEUTRAL,2024-08-06,84.58,82.45,92.65,1,False,26.89,2024-08-07,92.65,8.97,3.79,WIN
ESRS,INDUSTRIAL,early,NEUTRAL,2024-08-08,92.35,88.63,101.16,2,False,26.74,2024-08-12,101.16,8.96,2.37,WIN
OCDI,REAL_ESTATE,ultra,NEUTRAL,2024-08-11,41.79,40.53,45.78,2,False,34.88,2024-08-13,45.78,8.97,3.17,WIN
TMGH,REAL_ESTATE,ultra,NEUTRAL,2024-08-12,59.06,57.28,64.7,3,False,33.99,2024-08-15,57.28,-3.59,1.0,LOSS
OCDI,REAL_ESTATE,early,NEUTRAL,2024-08-13,47.06,45.64,51.56,5,False,38.16,2024-08-20,51.56,8.99,3.17,WIN
ADIB,BANKS,early,NEUTRAL,2024-08-04,37.78,36.26,41.39,13,False,25.09,2024-08-21,41.39,8.98,2.37,WIN
ETEL,SERVICES,buy,BEAR,2024-08-05,31.72,30.45,34.75,12,False,21.04,2024-08-21,30.45,-4.58,1.0,LOSS
COMI,BANKS,early,NEUTRAL,2024-08-04,80.18,76.96,87.84,15,False,24.12,2024-08-25,85.26605224609375,5.77,1.58,EXIT
HRHO,SERVICES,early,NEUTRAL,2024-08-21,21.01,20.49,23.02,3,False,23.27,2024-08-26,23.02,8.99,3.87,WIN
FWRY,SERVICES,early,NEUTRAL,2024-08-20,7.01,6.8,7.68,5,False,33.68,2024-08-27,7.68,8.98,3.19,WIN
EAST,ENERGY,early,NEUTRAL,2024-08-27,19.44,18.66,21.3,1,False,26.21,2024-08-28,21.3,8.99,2.38,WIN
ABUK,ENERGY,ultra,NEUTRAL,2024-08-15,45.65,44.28,50.01,13,False,25.57,2024-09-03,50.01,8.98,3.18,WIN
ABUK,ENERGY,early,NEUTRAL,2024-09-03,50.86,49.32,55.71,3,False,31.13,2024-09-08,49.32,-3.6,1.0,LOSS
ABUK,ENERGY,early,NEUTRAL,2024-09-08,49.08,47.11,53.77,2,False,22.99,2024-09-10,47.11,-4.59,1.0,LOSS
HELI,REAL_ESTATE,early,NEUTRAL,2024-08-25,9.44,9.06,10.34,15,False,31.18,2024-09-16,9.532851219177246,0.41,0.24,EXIT
TMGH,REAL_ESTATE,ultra,NEUTRAL,2024-08-29,58.42,56.66,64.0,11,False,25.0,2024-09-16,56.66,-3.59,1.0,LOSS
SAUD,BANKS,ultra,NEUTRAL,2024-08-26,10.25,9.94,11.23,15,False,26.1,2024-09-17,10.33211612701416,0.23,0.26,EXIT
CNFN,BANKS,early,NEUTRAL,2024-08-28,4.13,3.96,4.52,13,False,29.13,2024-09-17,4.52,8.87,2.29,WIN
CNFN,BANKS,early,NEUTRAL,2024-09-19,4.81,4.61,5.26,4,False,30.17,2024-09-25,5.26,8.78,2.25,WIN
HELI,REAL_ESTATE,buy,NEUTRAL,2024-09-17,9.48,9.19,10.38,8,False,24.1,2024-09-29,10.38,8.92,3.1,WIN
ORWE,SERVICES,buy,NEUTRAL,2024-09-10,22.51,21.83,24.66,15,False,24.57,2024-10-02,21.83,-3.6,1.0,LOSS
EGTS,SERVICES,early,NEUTRAL,2024-09-25,6.2,5.95,6.79,5,False,26.82,2024-10-02,5.95,-4.61,1.0,LOSS
JUFO,SERVICES,early,NEUTRAL,2024-09-16,24.85,23.85,27.22,14,False,25.17,2024-10-07,27.22,8.96,2.37,WIN
CIEB,BANKS,early,NEUTRAL,2024-10-02,17.24,16.72,18.88,2,False,28.87,2024-10-07,16.72,-3.59,1.0,LOSS
OCDI,REAL_ESTATE,early,NEUTRAL,2024-10-03,53.98,52.35,59.13,1,False,28.18,2024-10-07,59.13,8.97,3.16,WIN
EAST,ENERGY,early,NEUTRAL,2024-09-18,21.55,20.69,23.61,13,False,21.67,2024-10-08,23.61,8.98,2.4,WIN
HRHO,SERVICES,early,BULL,2024-10-07,24.38,23.4,26.71,1,False,21.04,2024-10-08,23.4,-4.59,1.0,LOSS
SWDY,ENERGY,early,BULL,2024-10-08,92.85,89.12,101.71,1,False,24.26,2024-10-09,89.12,-4.59,1.0,LOSS
FWRY,SERVICES,early,NEUTRAL,2024-10-09,8.55,8.2,9.36,1,False,22.67,2024-10-10,8.2,-4.67,1.0,LOSS
JUFO,SERVICES,early,BULL,2024-10-08,28.71,27.56,31.46,3,False,24.7,2024-10-13,27.56,-4.58,1.0,LOSS
EAST,ENERGY,early,NEUTRAL,2024-10-13,22.41,21.51,24.55,3,False,20.82,2024-10-16,24.55,8.97,2.38,WIN
ORWE,SERVICES,ultra,NEUTRAL,2024-10-14,23.21,22.51,25.42,2,False,35.19,2024-10-16,25.42,8.95,3.16,WIN
SAUD,BANKS,early,NEUTRAL,2024-09-29,10.97,10.53,12.02,13,False,33.76,2024-10-17,12.02,9.0,2.39,WIN
ORWE,SERVICES,early,NEUTRAL,2024-10-16,25.38,24.62,27.81,1,False,33.72,2024-10-17,24.62,-3.57,1.0,LOSS
EAST,ENERGY,early,NEUTRAL,2024-10-16,24.35,23.37,26.68,3,False,23.68,2024-10-21,23.37,-4.6,1.0,LOSS
JUFO,SERVICES,early,NEUTRAL,2024-10-17,30.59,29.36,33.51,3,False,29.5,2024-10-22,33.51,8.97,2.37,WIN
ORWE,SERVICES,early,NEUTRAL,2024-10-22,29.87,28.67,32.72,1,False,27.74,2024-10-23,28.67,-4.59,1.0,LOSS
CIEB,BANKS,ultra,NEUTRAL,2024-10-23,16.96,16.45,18.58,8,False,29.37,2024-11-04,18.58,8.98,3.18,WIN
ABUK,ENERGY,early,NEUTRAL,2024-10-15,50.17,48.66,54.96,15,False,24.71,2024-11-05,49.6329345703125,-1.65,0.36,EXIT
ADIB,BANKS,early,NEUTRAL,2024-10-23,39.81,38.21,43.61,10,False,34.58,2024-11-06,43.61,8.97,2.37,WIN
ETEL,SERVICES,ultra,NEUTRAL,2024-11-04,32.09,31.12,35.15,5,False,25.0,2024-11-11,35.15,8.96,3.15,WIN
KZPC,INDUSTRIAL,early,NEUTRAL,2024-10-22,11.51,11.05,12.61,15,False,25.8,2024-11-12,11.505663871765137,-0.61,0.01,EXIT
EGTS,SERVICES,ultra,NEUTRAL,2024-10-27,5.87,5.69,6.43,15,False,25.94,2024-11-17,5.820000171661377,-1.43,0.28,EXIT
HRHO,SERVICES,early,NEUTRAL,2024-11-11,23.17,22.47,25.39,5,False,34.82,2024-11-18,22.47,-3.6,1.0,LOSS
HELI,REAL_ESTATE,early,NEUTRAL,2024-11-05,9.85,9.45,10.79,10,False,29.28,2024-11-19,9.45,-4.64,1.0,LOSS
JUFO,SERVICES,early,NEUTRAL,2024-11-19,34.01,33.15,37.26,1,False,24.21,2024-11-20,33.15,-3.1,1.0,LOSS
AMOC,INDUSTRIAL,ultra,NEUTRAL,2024-11-18,7.21,6.99,7.89,4,False,29.29,2024-11-24,6.99,-3.63,1.0,LOSS
FWRY,SERVICES,ultra,NEUTRAL,2024-11-06,8.12,7.87,8.89,15,False,30.0,2024-11-27,8.09000015258789,-0.94,0.12,EXIT
SAUD,BANKS,early,NEUTRAL,2024-11-17,12.95,12.43,14.19,8,False,26.55,2024-11-27,12.43,-4.59,1.0,LOSS
JUFO,SERVICES,early,NEUTRAL,2024-11-20,32.88,31.56,36.02,5,False,24.64,2024-11-27,31.56,-4.59,1.0,LOSS
COMI,BANKS,early,NEUTRAL,2024-11-12,79.27,76.08,86.83,15,False,31.21,2024-12-03,79.95513153076172,0.29,0.21,EXIT
ADIB,BANKS,buy,NEUTRAL,2024-11-26,42.92,41.85,47.02,10,False,20.24,2024-12-10,41.85,-3.07,1.0,LOSS
OCDI,REAL_ESTATE,ultra,NEUTRAL,2024-12-01,60.7,58.86,66.49,7,False,30.51,2024-12-10,66.49,8.96,3.15,WIN
PHDC,REAL_ESTATE,early,NEUTRAL,2024-12-02,6.15,5.96,6.74,9,False,31.7,2024-12-15,6.74,9.02,3.11,WIN
HRHO,SERVICES,ultra,NEUTRAL,2024-12-10,21.32,20.68,23.36,6,False,27.67,2024-12-18,20.68,-3.58,1.0,LOSS
FWRY,SERVICES,ultra,NEUTRAL,2024-12-02,8.36,8.11,9.16,15,False,27.53,2024-12-23,8.11,-3.57,1.0,LOSS
ORWE,SERVICES,buy,NEUTRAL,2024-12-17,24.53,23.79,26.87,4,False,23.72,2024-12-23,23.79,-3.59,1.0,LOSS
COMI,BANKS,early,NEUTRAL,2024-12-03,79.56,77.56,87.15,15,False,36.33,2024-12-24,79.081298828125,-1.18,0.24,EXIT
ETEL,SERVICES,ultra,NEUTRAL,2024-12-10,32.41,31.43,35.5,10,False,25.0,2024-12-24,31.43,-3.6,1.0,LOSS
ESRS,INDUSTRIAL,buy,NEUTRAL,2024-12-22,107.46,104.22,117.72,8,False,21.18,2025-01-02,117.72,8.97,3.17,WIN
ISPH,ENERGY,early,NEUTRAL,2024-12-30,6.77,6.5,7.42,3,False,20.03,2025-01-05,7.42,9.03,2.41,WIN
PHDC,REAL_ESTATE,early,NEUTRAL,2024-12-31,6.51,6.31,7.13,2,False,24.13,2025-01-05,7.13,8.95,3.1,WIN
KZPC,INDUSTRIAL,ultra,NEUTRAL,2025-01-08,12.01,11.65,13.16,1,False,33.35,2025-01-09,11.65,-3.57,1.0,LOSS
FWRY,SERVICES,early,NEUTRAL,2025-01-06,9.0,8.73,9.86,3,False,25.79,2025-01-12,8.73,-3.57,1.0,LOSS
PHDC,REAL_ESTATE,early,NEUTRAL,2025-01-05,7.02,6.74,7.7,5,False,25.96,2025-01-13,6.74,-4.56,1.0,LOSS
HRHO,SERVICES,ultra,NEUTRAL,2025-01-06,20.53,19.91,22.49,4,False,25.98,2025-01-13,19.91,-3.59,1.0,LOSS
ESRS,INDUSTRIAL,early,NEUTRAL,2025-01-02,113.95,110.51,124.83,7,False,31.31,2025-01-14,124.83,8.97,3.16,WIN
KZPC,INDUSTRIAL,ultra,NEUTRAL,2025-01-09,11.53,11.19,12.64,3,False,34.93,2025-01-14,11.19,-3.52,1.0,LOSS
AMOC,INDUSTRIAL,ultra,NEUTRAL,2025-01-12,6.9,6.7,7.56,2,False,26.59,2025-01-14,6.7,-3.47,1.0,LOSS
ABUK,ENERGY,early,BULL,2025-01-13,45.51,43.68,49.86,4,False,35.02,2025-01-19,49.86,8.98,2.38,WIN
SKPC,INDUSTRIAL,buy,BULL,2025-01-14,18.85,18.09,20.65,15,False,30.41,2025-02-04,19.33062171936035,1.97,0.63,EXIT
AMOC,INDUSTRIAL,ultra,BULL,2025-01-15,6.94,6.73,7.6,15,False,36.38,2025-02-05,7.04613733291626,0.95,0.51,EXIT
MFPC,ENERGY,early,BULL,2025-01-16,37.46,35.96,41.04,15,False,37.4,2025-02-06,37.670753479003906,-0.01,0.14,EXIT
OCDI,REAL_ESTATE,early,NEUTRAL,2025-01-20,60.33,57.9,66.09,15,False,31.52,2025-02-10,61.43000030517578,1.25,0.45,EXIT
HRHO,SERVICES,ultra,NEUTRAL,2025-01-21,20.35,19.73,22.29,14,False,25.37,2025-02-10,22.29,8.96,3.13,WIN
ADIB,BANKS,ultra,NEUTRAL,2025-02-04,38.71,37.54,42.4,5,False,34.16,2025-02-11,37.54,-3.6,1.0,LOSS
SKPC,INDUSTRIAL,early,NEUTRAL,2025-02-06,20.0,19.4,21.91,4,False,31.24,2025-02-12,19.4,-3.57,1.0,LOSS
ABUK,ENERGY,early,NEUTRAL,2025-02-05,48.1,46.17,52.7,10,False,26.68,2025-02-19,52.7,8.99,2.38,WIN
ETEL,SERVICES,ultra,NEUTRAL,2025-02-11,32.62,31.64,35.73,6,False,25.0,2025-02-19,35.73,8.96,3.17,WIN
HRHO,SERVICES,early,NEUTRAL,2025-02-16,23.51,22.92,25.76,4,False,25.52,2025-02-20,25.76,9.0,3.81,WIN
COMI,BANKS,early,NEUTRAL,2025-02-19,77.26,74.15,84.63,6,False,29.1,2025-02-27,74.15,-4.6,1.0,LOSS
ORWE,SERVICES,ultra,NEUTRAL,2025-02-20,23.33,22.62,25.55,5,False,25.0,2025-02-27,22.62,-3.62,1.0,LOSS
EAST,ENERGY,early,NEUTRAL,2025-02-10,27.98,26.86,30.65,15,False,23.47,2025-03-03,29.067188262939453,3.31,0.97,EXIT
CIEB,BANKS,early,NEUTRAL,2025-02-12,16.79,16.29,18.4,15,False,30.68,2025-03-05,17.348073959350586,2.75,1.12,EXIT
ABUK,ENERGY,early,NEUTRAL,2025-03-03,53.91,52.56,59.06,2,False,24.87,2025-03-05,52.56,-3.08,1.0,LOSS
TMGH,REAL_ESTATE,early,NEUTRAL,2025-02-27,53.47,52.12,58.57,8,False,35.17,2025-03-11,52.12,-3.1,1.0,LOSS
KZPC,INDUSTRIAL,ultra,NEUTRAL,2025-02-20,10.68,10.36,11.7,15,False,27.17,2025-03-13,10.594039916992188,-1.38,0.27,EXIT
FWRY,SERVICES,ultra,NEUTRAL,2025-03-05,8.2,7.95,8.98,6,False,25.0,2025-03-13,8.98,8.94,3.12,WIN
ISPH,ENERGY,ultra,NEUTRAL,2025-03-11,7.16,6.95,7.85,2,False,22.85,2025-03-13,7.85,9.06,3.29,WIN
SKPC,INDUSTRIAL,early,NEUTRAL,2025-02-27,21.25,20.4,23.28,15,False,24.76,2025-03-20,20.7347354888916,-3.0,0.61,EXIT
HELI,REAL_ESTATE,early,NEUTRAL,2025-03-05,10.14,9.73,11.1,15,False,23.66,2025-03-26,10.523652076721191,3.21,0.94,EXIT
TMGH,REAL_ESTATE,early,NEUTRAL,2025-03-18,53.86,52.24,59.01,8,False,32.62,2025-04-03,52.24,-3.58,1.0,LOSS
ADIB,BANKS,early,NEUTRAL,2025-03-13,42.36,41.29,46.4,12,False,29.56,2025-04-06,41.29,-3.1,1.0,LOSS
EAST,ENERGY,early,NEUTRAL,2025-03-20,30.78,29.85,33.72,7,False,25.03,2025-04-06,29.85,-3.6,1.0,LOSS
OCDI,REAL_ESTATE,early,NEUTRAL,2025-03-26,66.67,63.98,73.03,3,False,20.88,2025-04-06,63.98,-4.61,1.0,LOSS
JUFO,SERVICES,ultra,NEUTRAL,2025-04-03,32.92,32.1,36.07,1,False,28.78,2025-04-06,32.1,-3.07,1.0,LOSS
HELI,REAL_ESTATE,early,NEUTRAL,2025-04-06,10.99,10.71,12.04,1,False,25.24,2025-04-07,10.71,-3.12,1.0,LOSS
HELI,REAL_ESTATE,early,NEUTRAL,2025-04-07,10.89,10.62,11.93,2,False,28.85,2025-04-09,10.62,-3.05,1.0,LOSS
COMI,BANKS,ultra,NEUTRAL,2025-03-20,76.22,73.92,83.5,15,False,32.8,2025-04-16,77.0,0.45,0.34,EXIT
CIEB,BANKS,early,NEUTRAL,2025-04-06,18.38,17.64,20.13,15,False,24.9,2025-04-30,18.65999984741211,0.95,0.38,EXIT
JUFO,SERVICES,buy,NEUTRAL,2025-04-07,31.05,29.8,34.02,15,False,25.29,2025-05-04,31.00883674621582,-0.71,0.03,EXIT
HELI,REAL_ESTATE,early,NEUTRAL,2025-04-09,10.29,9.88,11.27,15,False,26.43,2025-05-06,10.898809432983398,5.34,1.48,EXIT
EAST,ENERGY,early,NEUTRAL,2025-04-10,31.26,30.01,34.25,15,False,20.19,2025-05-07,32.507259368896484,3.41,1.0,EXIT
SKPC,INDUSTRIAL,ultra,NEUTRAL,2025-04-16,21.44,20.8,23.49,11,False,36.22,2025-05-07,20.8,-3.56,1.0,LOSS
SWDY,ENERGY,ultra,NEUTRAL,2025-04-30,80.57,78.14,88.26,6,False,24.32,2025-05-11,78.14,-3.59,1.0,LOSS
PHDC,REAL_ESTATE,ultra,NEUTRAL,2025-05-04,6.99,6.78,7.66,5,False,35.13,2025-05-11,6.78,-3.58,1.0,LOSS
ABUK,ENERGY,early,NEUTRAL,2025-05-06,48.78,46.82,53.44,6,False,33.86,2025-05-14,46.82,-4.59,1.0,LOSS
ISPH,ENERGY,early,NEUTRAL,2025-05-11,8.99,8.63,9.85,7,False,20.17,2025-05-20,9.85,8.99,2.39,WIN
CNFN,BANKS,buy,NEUTRAL,2025-05-14,4.31,4.14,4.72,4,False,21.89,2025-05-20,4.72,8.94,2.41,WIN
TMGH,REAL_ESTATE,early,NEUTRAL,2025-05-11,53.07,50.94,58.14,8,False,24.98,2025-05-21,50.94,-4.59,1.0,LOSS
FWRY,SERVICES,early,NEUTRAL,2025-05-20,10.62,10.3,11.63,2,False,27.29,2025-05-22,11.63,8.94,3.16,WIN
FWRY,SERVICES,early,NEUTRAL,2025-05-22,11.44,11.15,12.54,2,False,24.69,2025-05-26,11.15,-3.11,1.0,LOSS
ETEL,SERVICES,early,NEUTRAL,2025-05-07,35.02,33.97,38.37,15,False,28.91,2025-05-28,36.9900016784668,5.05,1.88,EXIT
HELI,REAL_ESTATE,early,NEUTRAL,2025-05-08,10.82,10.38,11.85,15,False,27.85,2025-05-29,11.427878379821777,5.04,1.38,EXIT
DSCW,REAL_ESTATE,ultra,NEUTRAL,2025-05-28,2.51,2.43,2.75,2,False,32.05,2025-06-01,2.43,-3.76,1.0,LOSS
HELI,REAL_ESTATE,early,NEUTRAL,2025-05-29,11.37,11.09,12.46,2,False,29.78,2025-06-02,11.09,-3.04,1.0,LOSS
CNFN,BANKS,early,NEUTRAL,2025-05-20,4.56,4.37,4.99,12,False,30.81,2025-06-10,4.99,8.85,2.26,WIN
OCDI,REAL_ESTATE,ultra,NEUTRAL,2025-05-25,64.18,62.24,70.31,11,False,25.0,2025-06-12,62.24,-3.6,1.0,LOSS
TMGH,REAL_ESTATE,early,NEUTRAL,2025-05-29,54.73,52.52,59.95,8,False,24.7,2025-06-15,52.52,-4.61,1.0,LOSS
COMI,BANKS,ultra,NEUTRAL,2025-06-01,80.25,77.83,87.91,7,False,29.75,2025-06-15,77.83,-3.59,1.0,LOSS
SWDY,ENERGY,early,NEUTRAL,2025-06-02,80.16,77.74,87.81,6,False,23.13,2025-06-15,77.74,-3.59,1.0,LOSS
KZPC,INDUSTRIAL,early,NEUTRAL,2025-06-10,11.51,11.04,12.6,3,False,23.56,2025-06-15,11.04,-4.66,1.0,LOSS
ORWE,SERVICES,ultra,NEUTRAL,2025-06-12,22.49,21.81,24.63,1,False,31.36,2025-06-15,21.81,-3.6,1.0,LOSS
EGTS,SERVICES,early,NEUTRAL,2025-06-15,8.16,7.91,8.94,4,False,29.44,2025-06-19,7.91,-3.64,1.0,LOSS
DSCW,REAL_ESTATE,ultra,NEUTRAL,2025-06-15,2.55,2.47,2.79,5,False,25.0,2025-06-22,2.47,-3.71,1.0,LOSS
FWRY,SERVICES,buy,NEUTRAL,2025-06-22,11.65,11.3,12.76,4,False,20.3,2025-06-29,12.76,8.95,3.17,WIN
ORWE,SERVICES,early,BULL,2025-06-24,23.57,22.98,25.82,8,False,37.05,2025-07-09,22.98,-3.08,1.0,LOSS
COMI,BANKS,buy,NEUTRAL,2025-06-22,79.4,77.01,86.98,13,False,21.2,2025-07-14,86.98,8.97,3.17,WIN
MFPC,ENERGY,early,NEUTRAL,2025-06-29,37.41,36.47,40.98,9,False,33.11,2025-07-14,36.47,-3.09,1.0,LOSS
ETEL,SERVICES,buy,BULL,2025-06-23,37.3,36.37,40.86,15,False,32.15,2025-07-17,38.369998931884766,2.29,1.15,EXIT
SKPC,INDUSTRIAL,early,NEUTRAL,2025-06-25,19.79,19.29,21.68,15,False,30.74,2025-07-21,20.81999969482422,4.63,2.06,EXIT
HELI,REAL_ESTATE,early,NEUTRAL,2025-07-20,10.09,9.84,11.05,4,False,29.55,2025-07-27,9.84,-3.05,1.0,LOSS
SKPC,INDUSTRIAL,early,NEUTRAL,2025-07-21,20.72,20.09,22.69,3,False,25.29,2025-07-27,20.09,-3.62,1.0,LOSS
ABUK,ENERGY,early,NEUTRAL,2025-07-15,45.68,44.3,50.04,10,False,30.17,2025-07-30,44.3,-3.6,1.0,LOSS
DSCW,REAL_ESTATE,early,NEUTRAL,2025-07-28,3.22,3.09,3.53,2,False,21.61,2025-07-30,3.09,-4.61,1.0,LOSS
EAST,ENERGY,early,NEUTRAL,2025-07-09,29.75,29.0,32.59,15,False,32.87,2025-07-31,31.822994232177734,6.39,2.76,EXIT
CIEB,BANKS,early,NEUTRAL,2025-07-14,18.26,17.71,20.0,15,False,29.79,2025-08-05,18.399999618530273,0.19,0.25,EXIT
ETEL,SERVICES,buy,NEUTRAL,2025-07-28,38.8,37.63,42.5,9,False,20.84,2025-08-10,42.5,8.96,3.16,WIN
HELI,REAL_ESTATE,ultra,BULL,2025-08-10,10.04,9.74,11.0,3,False,30.05,2025-08-13,9.74,-3.56,1.0,LOSS
TMGH,REAL_ESTATE,early,BULL,2025-08-12,56.02,54.33,61.37,2,False,30.46,2025-08-14,54.33,-3.59,1.0,LOSS
FWRY,SERVICES,early,NEUTRAL,2025-07-30,12.44,11.94,13.63,14,False,23.15,2025-08-19,13.63,8.99,2.38,WIN
JUFO,SERVICES,buy,NEUTRAL,2025-08-03,28.29,27.44,30.99,13,False,23.1,2025-08-20,27.44,-3.58,1.0,LOSS
SKPC,INDUSTRIAL,ultra,BULL,2025-08-10,20.08,19.47,22.0,8,False,28.27,2025-08-20,19.47,-3.61,1.0,LOSS
SWDY,ENERGY,early,NEUTRAL,2025-08-14,79.92,76.71,87.55,5,False,28.53,2025-08-21,76.71,-4.59,1.0,LOSS
KZPC,INDUSTRIAL,buy,NEUTRAL,2025-08-25,9.46,9.08,10.37,5,False,28.61,2025-09-01,10.37,9.04,2.39,WIN
CIEB,BANKS,early,NEUTRAL,2025-08-13,18.89,18.13,20.69,14,False,29.88,2025-09-02,18.13,-4.6,1.0,LOSS
FWRY,SERVICES,early,BULL,2025-08-20,13.59,13.05,14.89,10,False,20.79,2025-09-03,13.05,-4.55,1.0,LOSS
KZPC,INDUSTRIAL,early,NEUTRAL,2025-09-01,10.47,10.21,11.47,2,False,30.53,2025-09-03,11.47,8.98,3.85,WIN
ABUK,ENERGY,buy,NEUTRAL,2025-09-02,47.63,46.19,52.17,2,False,26.75,2025-09-07,46.19,-3.6,1.0,LOSS
EGTS,SERVICES,ultra,NEUTRAL,2025-08-24,7.95,7.71,8.71,10,False,25.18,2025-09-08,8.71,8.98,3.17,WIN
KZPC,INDUSTRIAL,early,BEAR,2025-09-07,10.83,10.39,11.86,2,False,21.92,2025-09-09,11.86,8.94,2.34,WIN
HRHO,SERVICES,buy,BULL,2025-08-19,24.77,23.77,27.13,15,False,34.69,2025-09-10,25.709999084472656,3.22,0.94,EXIT
EGTS,SERVICES,ultra,NEUTRAL,2025-09-11,8.33,8.08,9.12,2,False,26.22,2025-09-15,8.08,-3.58,1.0,LOSS
FWRY,SERVICES,ultra,NEUTRAL,2025-09-11,13.58,13.17,14.88,3,False,26.56,2025-09-16,13.17,-3.59,1.0,LOSS
HELI,REAL_ESTATE,early,NEUTRAL,2025-09-15,10.29,9.98,11.27,1,False,26.82,2025-09-16,9.98,-3.59,1.0,LOSS
ABUK,ENERGY,buy,BEAR,2025-09-07,46.14,44.75,50.55,11,False,23.75,2025-09-22,44.75,-3.59,1.0,LOSS
EAST,ENERGY,early,NEUTRAL,2025-09-14,35.44,34.37,38.82,6,False,24.54,2025-09-22,38.82,8.96,3.16,WIN
SAUD,BANKS,early,BEAR,2025-09-03,12.72,12.2,13.93,15,False,22.2,2025-09-25,12.2,-4.66,1.0,LOSS
KZPC,INDUSTRIAL,early,NEUTRAL,2025-09-28,10.81,10.53,11.84,4,False,25.56,2025-10-02,10.53,-3.17,1.0,LOSS
COMI,BANKS,early,BEAR,2025-09-16,96.52,92.64,105.74,13,False,21.78,2025-10-05,105.74,8.98,2.38,WIN
TMGH,REAL_ESTATE,ultra,BEAR,2025-09-17,53.36,51.75,58.46,15,False,21.45,2025-10-08,57.790000915527344,7.73,2.75,EXIT
HRHO,SERVICES,ultra,BEAR,2025-09-22,25.92,25.14,28.39,15,False,24.76,2025-10-14,28.39,8.95,3.17,WIN
JUFO,SERVICES,early,NEUTRAL,2025-09-23,27.61,26.78,30.25,14,False,29.95,2025-10-14,30.25,8.99,3.18,WIN
ADIB,BANKS,early,NEUTRAL,2025-10-05,22.79,22.21,24.96,12,False,31.55,2025-10-22,24.96,8.95,3.74,WIN
SKPC,INDUSTRIAL,early,NEUTRAL,2025-10-02,19.9,19.1,21.8,15,False,29.95,2025-10-26,19.8700008392334,-0.73,0.04,EXIT
SAUD,BANKS,early,NEUTRAL,2025-10-08,12.91,12.39,14.14,11,False,30.26,2025-10-26,14.14,8.95,2.37,WIN
KZPC,INDUSTRIAL,early,NEUTRAL,2025-10-22,11.33,10.88,12.42,7,False,28.31,2025-11-02,10.88,-4.55,1.0,LOSS
ORWE,SERVICES,early,NEUTRAL,2025-10-14,23.05,22.13,25.26,15,False,28.93,2025-11-04,24.200000762939453,4.41,1.25,EXIT
TMGH,REAL_ESTATE,early,NEUTRAL,2025-10-14,57.51,55.78,63.0,15,False,27.94,2025-11-04,63.0,8.97,3.17,WIN
EGTS,SERVICES,buy,NEUTRAL,2025-11-04,9.14,8.87,10.02,1,False,22.87,2025-11-05,8.87,-3.53,1.0,LOSS
EAST,ENERGY,early,NEUTRAL,2025-11-02,41.62,39.95,45.6,4,False,22.07,2025-11-06,45.6,8.99,2.38,WIN
CNFN,BANKS,early,NEUTRAL,2025-10-26,4.78,4.58,5.23,10,False,25.26,2025-11-09,5.23,8.84,2.25,WIN
EGTS,SERVICES,ultra,NEUTRAL,2025-11-05,8.84,8.57,9.68,2,False,25.0,2025-11-09,8.57,-3.63,1.0,LOSS
PHDC,REAL_ESTATE,early,BULL,2025-11-06,8.24,7.91,9.03,3,False,26.31,2025-11-11,7.91,-4.58,1.0,LOSS
CNFN,BANKS,early,NEUTRAL,2025-11-09,5.11,4.91,5.6,5,False,26.66,2025-11-16,4.91,-4.49,1.0,LOSS
ORWE,SERVICES,early,NEUTRAL,2025-11-09,24.38,23.77,26.71,5,False,25.07,2025-11-16,23.77,-3.08,1.0,LOSS
SKPC,INDUSTRIAL,early,NEUTRAL,2025-10-27,19.61,18.82,21.48,15,False,23.52,2025-11-17,19.5,-1.14,0.14,EXIT
ADIB,BANKS,early,NEUTRAL,2025-11-17,25.55,24.52,27.99,5,False,23.73,2025-11-24,24.52,-4.61,1.0,LOSS
COMI,BANKS,buy,NEUTRAL,2025-11-04,106.47,102.19,116.63,15,False,21.33,2025-11-25,107.83999633789062,0.71,0.32,EXIT
CNFN,BANKS,early,NEUTRAL,2025-11-16,4.94,4.74,5.41,7,False,23.68,2025-11-25,4.74,-4.62,1.0,LOSS
ISPH,ENERGY,early,NEUTRAL,2025-11-24,11.13,10.8,12.2,2,False,28.16,2025-11-26,10.8,-3.54,1.0,LOSS
FWRY,SERVICES,early,BULL,2025-11-11,15.07,14.47,16.51,15,False,28.02,2025-12-02,15.25,0.62,0.3,EXIT
COMI,BANKS,buy,NEUTRAL,2025-12-01,107.25,104.02,117.49,3,False,21.55,2025-12-04,117.49,8.97,3.17,WIN
SWDY,ENERGY,early,NEUTRAL,2025-11-16,77.58,74.46,84.99,15,False,23.1,2025-12-07,76.13999938964844,-2.43,0.46,EXIT
ADIB,BANKS,early,NEUTRAL,2025-12-01,26.96,25.88,29.54,8,False,22.68,2025-12-11,29.54,8.99,2.39,WIN
ISPH,ENERGY,ultra,NEUTRAL,2025-12-11,11.22,10.89,12.3,4,False,24.54,2025-12-17,10.89,-3.52,1.0,LOSS
PHDC,REAL_ESTATE,buy,NEUTRAL,2025-11-30,8.25,8.0,9.04,15,False,20.68,2025-12-21,8.300000190734863,0.03,0.2,EXIT
OCDI,REAL_ESTATE,buy,NEUTRAL,2025-12-02,18.71,18.14,20.49,13,False,24.72,2025-12-21,18.14,-3.62,1.0,LOSS
FAIT,BANKS,early,NEUTRAL,2025-12-07,32.94,31.62,36.09,12,False,23.99,2025-12-23,31.62,-4.58,1.0,LOSS
CNFN,BANKS,early,NEUTRAL,2025-12-04,4.97,4.84,5.44,15,False,26.91,2025-12-25,5.099999904632568,2.04,1.0,EXIT
SKPC,INDUSTRIAL,buy,NEUTRAL,2025-12-21,19.28,18.7,21.12,9,False,28.68,2026-01-04,18.7,-3.58,1.0,LOSS
ORWE,SERVICES,ultra,NEUTRAL,2025-12-28,23.58,22.87,25.83,4,False,25.0,2026-01-04,22.87,-3.59,1.0,LOSS
CNFN,BANKS,early,NEUTRAL,2025-12-29,5.12,4.92,5.61,6,False,29.94,2026-01-08,4.92,-4.48,1.0,LOSS
MFPC,ENERGY,early,NEUTRAL,2025-12-17,29.22,28.05,32.01,15,False,34.66,2026-01-11,30.149999618530273,2.61,0.79,EXIT
EGTS,SERVICES,buy,NEUTRAL,2025-12-22,8.06,7.82,8.83,14,False,24.6,2026-01-13,7.82,-3.55,1.0,LOSS
COMI,BANKS,ultra,NEUTRAL,2026-01-11,107.93,104.67,118.23,2,False,31.67,2026-01-13,118.23,8.97,3.16,WIN
SAUD,BANKS,early,NEUTRAL,2026-01-13,15.77,15.14,17.28,1,False,28.97,2026-01-14,15.14,-4.57,1.0,LOSS
TMGH,REAL_ESTATE,early,NEUTRAL,2026-01-04,76.61,73.53,83.93,11,False,30.0,2026-01-20,83.93,8.98,2.38,WIN
SWDY,ENERGY,early,NEUTRAL,2026-01-04,76.61,73.53,83.93,12,False,37.24,2026-01-21,83.93,8.98,2.38,WIN
COMI,BANKS,early,NEUTRAL,2026-01-14,117.16,112.45,128.35,6,False,28.03,2026-01-22,128.35,8.98,2.38,WIN
SAUD,BANKS,early,NEUTRAL,2026-01-14,15.05,14.45,16.49,6,False,26.36,2026-01-22,16.49,8.99,2.4,WIN
JUFO,SERVICES,early,NEUTRAL,2026-01-08,26.73,25.65,29.28,11,False,27.27,2026-01-25,29.28,8.96,2.36,WIN
ISPH,ENERGY,ultra,NEUTRAL,2026-01-21,11.1,10.77,12.16,10,False,29.89,2026-02-05,12.16,8.97,3.21,WIN
HELI,REAL_ESTATE,ultra,NEUTRAL,2026-01-26,3.54,3.44,3.88,8,False,28.03,2026-02-08,3.88,9.03,3.4,WIN
TMGH,REAL_ESTATE,early,NEUTRAL,2026-01-20,83.33,79.98,91.29,15,False,23.27,2026-02-11,87.20999908447266,4.08,1.16,EXIT
AMOC,INDUSTRIAL,ultra,BULL,2026-01-22,7.04,6.83,7.72,15,False,26.69,2026-02-15,7.110000133514404,0.42,0.33,EXIT
ORWE,SERVICES,ultra,BULL,2026-01-25,22.26,21.59,24.38,15,False,23.52,2026-02-16,24.38,8.95,3.16,WIN
MFPC,ENERGY,early,BULL,2026-02-16,34.84,33.97,38.17,1,False,25.31,2026-02-17,38.17,8.98,3.83,WIN
OCDI,REAL_ESTATE,early,NEUTRAL,2026-02-11,19.6,18.81,21.47,5,False,32.05,2026-02-18,21.47,8.97,2.37,WIN
EGTS,SERVICES,ultra,NEUTRAL,2026-02-05,7.9,7.66,8.65,10,False,31.87,2026-02-19,7.66,-3.61,1.0,LOSS
PHDC,REAL_ESTATE,early,NEUTRAL,2026-02-15,9.25,9.02,10.14,5,False,24.95,2026-02-22,9.02,-3.06,1.0,LOSS
AMOC,INDUSTRIAL,early,NEUTRAL,2026-02-18,7.41,7.11,8.12,2,False,22.23,2026-02-22,7.11,-4.62,1.0,LOSS
SKPC,INDUSTRIAL,early,NEUTRAL,2026-02-17,16.53,16.11,18.1,6,False,30.94,2026-02-25,16.11,-3.12,1.0,LOSS
MFPC,ENERGY,early,NEUTRAL,2026-02-23,37.01,35.53,40.55,2,False,21.68,2026-02-25,35.53,-4.57,1.0,LOSS
SWDY,ENERGY,ultra,NEUTRAL,2026-02-08,78.61,76.24,86.12,14,False,25.0,2026-02-26,76.24,-3.59,1.0,LOSS
